id,numero,tema,pregunta,A,B,C,respuesta,archivo,requiere_figura
PREG202411060117,5013,INSTRUMENTOS DE VUELO,5013.- ¿Cuál es el símbolo correcto para la velocidad de pérdida o la velocidad mínima de vuelo estable en una configuración determinada?,Vs.,VS1.,VS0.,B,DownloadBalotario (1).pdf,False
PREG202411060118,5014,INSTRUMENTOS DE VUELO,5014.- ¿Cuál es el símbolo correcto para la velocidad de pérdida o la velocidad mínima de vuelo a la que se puede controlar el avión?,VS.,VS1.,VS0.,A,DownloadBalotario (1).pdf,False
PREG202411060119,5015.1,INSTRUMENTOS DE VUELO,5015.1.-Se define VF como:,velocidad de diseño de los flaps.,velocidad de operación de los flaps.,velocidad máxima con flaps extendidos.,A,DownloadBalotario (1).pdf,False
PREG202411060120,5015.2,INSTRUMENTOS DE VUELO,5015.2.- Se define VNO como:,velocidad máxima de crucero estructural.,velocidad de operación normal.,velocidad máxima de operación.,A,DownloadBalotario (1).pdf,False
PREG202411060121,5016.1,INSTRUMENTOS DE VUELO,5016.1.-Se define VLE como:,velocidad máxima con el tren de aterrizaje extendido.,velocidad máxima para la operación del tren de aterrizaje.,velocidad máxima con los flaps de borde de ataque extendidos.,A,DownloadBalotario (1).pdf,False
PREG202411060122,5016.2,INSTRUMENTOS DE VUELO,5016.2.- Se define VNE como:,velocidad máxima para extender la rueda de nariz.,velocidad de nunca exceder.,velocidad máxima con el tren de aterrizaje extendido.,B,DownloadBalotario (1).pdf,False
PREG202411060123,5016.3,INSTRUMENTOS DE VUELO,5016.3.-Se define VY como:,velocidad para el mejor régimen de descenso.,velocidad de mejor ángulo de ascenso.,velocidad de mejor régimen de ascenso.,C,DownloadBalotario (1).pdf,False
PREG202411060124,5016.4,INSTRUMENTOS DE VUELO,5016.4.- Los aviones más modernos tienen una velocidad de maniobra que generalmente se puede calcular de la siguiente manera:,1.2 VS0.,1.7 VS0.,la mitad de la velocidad de pérdida.,B,DownloadBalotario (1).pdf,False
PREG202411060125,5114,INSTRUMENTOS DE VUELO,"5114.- ¿Qué ajuste de altímetro se requiere cuando se opera una aeronave a 18,000 pies sobre el nivel del mar?",Ajuste actual del altímetro de una estación a lo largo de la ruta.,29.92'' Hg.,Ajuste del altímetro correspondiente al aeropuerto de salida o destino.,B,DownloadBalotario (1).pdf,False
PREG202411060126,5177,INSTRUMENTOS DE VUELO,5177.- ¿Qué velocidad sería incapaz de identificar un piloto por el código de colores de un indicador de velocidad?,La velocidad de nunca exceder.,La velocidad de pérdida sin potencia.,La velocidad de maniobra.,C,DownloadBalotario (1).pdf,False
PREG202411060127,5177.1,INSTRUMENTOS DE VUELO,5177.1.- La relación entre la velocidad verdadera de un avión y la velocidad del sonido en las mismas condiciones atmosféricas es:,velocidad equivalente.,flujo de aire transónico.,número Mach.,C,DownloadBalotario (1).pdf,False
PREG202411060128,5177.2,INSTRUMENTOS DE VUELO,5177.2- ¿Cuál podría ser un resultado de exceder el número Mach crítico?,Pérdida aerodinámica en la hélice.,Reducción de la resistencia.,Dificultades en el control de la aeronave.,C,DownloadBalotario (1).pdf,False
PREG202411060129,5178,INSTRUMENTOS DE VUELO,5178.- ¿Qué enunciado es verdadero sobre la desviación magnética de una brújula? La desviación:,varía con el tiempo a medida que cambia la línea agónica.,varía para diferentes rumbos de la misma aeronave.,es la misma para todos los aviones que se encuentren en la misma posición.,B,DownloadBalotario (1).pdf,False
PREG202411060130,5191,INSTRUMENTOS DE VUELO,5191.- Nombra los cuatro fundamentos involucrados en maniobrar una aeronave:,"potencia, cabeceo, alabeo y compensación.","empuje, sustentación, virajes y planeos.","vuelo recto y nivelado, virajes, ascensos y descensos.",C,DownloadBalotario (1).pdf,False
PREG202411060131,5233,INSTRUMENTOS DE VUELO,5233.- (Refiérase a la Figura 5). La línea vertical desde el punto D al punto G está representada en el indicador de velocidad por el límite superior de velocidad del:,arco verde.,arco amarillo.,arco blanco.,A,DownloadBalotario (1).pdf,True
PREG202411060132,5268,INSTRUMENTOS DE VUELO,5268.- ¿Cuál es la diferencia funcional entre el coordinador de virajes y el indicador de virajes y deslizamiento? El coordinador de virajes:,es siempre eléctrico; el indicador de virajes y deslizamiento funciona siempre con el sistema de vacío.,indica únicamente el ángulo de alabeo; el indicador de virajes y deslizamiento indica régimen de virajes y la coordinación.,"indica el régimen de alabeo, el régimen de viraje y la coordinación; el indicador de viraje y deslizamiento indica el régimen de viraje y la coordinación.",C,DownloadBalotario (1).pdf,False
PREG202411060133,5269,INSTRUMENTOS DE VUELO,5269.- ¿Cuál es la ventaja de un coordinador de virajes eléctrico si el avión tiene un sistema de vacío para otros instrumentos giroscópicos?,Es un respaldo en caso de falla del sistema de vacío.,Es más confiable que los indicadores accionados por bomba de vacío.,No caerá al igual que los indicadores accionados por bomba de vacío.,A,DownloadBalotario (1).pdf,False
PREG202411060134,5270,INSTRUMENTOS DE VUELO,"5270.- Si se realiza un viraje estándar, ¿cuánto tiempo tomaría recorrer 360°?",1 minuto.,2 minutos.,3 minutos.,B,DownloadBalotario (1).pdf,False
PREG202411060135,5408,INSTRUMENTOS DE VUELO,"5408.- Un avión está ubicado en un aeropuerto con una elevación de 5,000 pies MSL y una temperatura de 90 grados F. El altímetro está ajustado para la altura del aeropuerto. Más tarde esa noche, la temperatura desciende a 50 grados F. menos que se cambie el ajuste del altímetro, se leerá:","4,800 pies.","5,000 pies.","5,200 pies.",C,DownloadBalotario (1).pdf,False
PREG202411060136,5601,INSTRUMENTOS DE VUELO,5601.- La velocidad calibrada se describe mejor como la velocidad indicada corregida por:,error de instalación y del instrumento.,error del instrumento.,temperatura no estándar.,A,DownloadBalotario (1).pdf,False
PREG202411060137,5602,INSTRUMENTOS DE VUELO,5602.- La velocidad verdadera se describe mejor como velocidad calibrada corregida por:,error de instalación o del instrumento.,temperatura no estándar.,altitud y temperatura no estándar.,C,DownloadBalotario (1).pdf,False
PREG202411060138,5604,INSTRUMENTOS DE VUELO,5604.- ¿Por qué deben evitarse velocidades de vuelo superiores a VNE?,La resistencia inducida en exceso producirá una falla estructural.,Los factores de carga límite de diseño pueden excederse si se encuentran ráfagas.,La efectividad del control se ve tan afectada que la aeronave se vuelve incontrolable.,B,DownloadBalotario (1).pdf,False
PREG202411060139,5604.1,INSTRUMENTOS DE VUELO,5604.1.- Es más probable que ocurran daños o fallas estructurales con aire en calma a velocidades por encima de:,VNO.,VA.,VNE.,C,DownloadBalotario (1).pdf,False
PREG202411060140,5605,INSTRUMENTOS DE VUELO,5605.- La velocidad máxima de crucero estructural es la velocidad máxima a la que se puede operar un avión durante:,maniobras abruptas.,operaciones normales.,vuelo con aire en calma.,B,DownloadBalotario (1).pdf,False
PREG202411060141,5669,INSTRUMENTOS DE VUELO,5669.- Un piloto está entrando a un área donde se han reportado turbulencias de aire claro significativas. ¿Qué acción es la correcta al encontrar la primera onda?,Mantener la altitud y la velocidad.,Ajustar la velocidad a la recomendada para aire turbulento.,Iniciar un ascenso o descenso suave a la velocidad de maniobra.,B,DownloadBalotario (1).pdf,False
PREG202411060142,5670,INSTRUMENTOS DE VUELO,"5670.- Si se encuentran turbulencias severas durante el vuelo, el piloto debe reducir la velocidad a:",velocidad mínima de control.,velocidad de maniobra.,velocidad máxima de crucero estructural.,B,DownloadBalotario (1).pdf,False
PREG202411060143,5740,INSTRUMENTOS DE VUELO,"5740.- Para determinar la altitud de presión antes del despegue, el altímetro debe ajustarse a:",el ajuste actual del altímetro.,29.92'' Hg y leer la altitud indicada en el altímetro.,la elevación del campo y la indicación de presión en la ventanilla de ajuste del altímetro.,B,DownloadBalotario (1).pdf,False
PREG202411060144,5741,INSTRUMENTOS DE VUELO,5741.- ¿Cuál es la mejor técnica para minimizar el factor de carga en el ala cuando se vuela en turbulencia severa?,"Cambiar los ajustes de potencia, según sea necesario, para mantener una velocidad constante.","Controlar la velocidad con potencia, mantener las alas niveladas y aceptar cambios de altitud.","Ajustar la potencia y compensar para obtener una velocidad igual o inferior a la velocidad de maniobra, mantener las alas niveladas y aceptar cambios de velocidad y altitud.",C,DownloadBalotario (1).pdf,False
PREG202411060145,5999.2,INSTRUMENTOS DE VUELO,5999.2.- ¿Qué se debe tener en cuenta al utilizar un GPS portátil para navegación VFR?,La precisión de la posición puede degradarse sin notificación.,La capacidad RAIM se mantendrá durante todo el vuelo.,Los puntos de la ruta seguirán siendo precisos incluso si la base de datos no está actualizada.,A,DownloadBalotario (1).pdf,False
PREG202411060146,5999.3,INSTRUMENTOS DE VUELO,5999.3.- Está volando una aeronave equipada con una pantalla electrónica de vuelo (EFD) y la computadora de datos de aire (ADC) falla. ¿Qué instrumento se verá afectado?,Capacidad ADS-B In.,Indicador de velocidad.,Indicador de actitud.,B,DownloadBalotario (1).pdf,False
PREG202411060305,5301,METEOROLOGÍA,5301.- Todo proceso físico del tiempo va acompañado o es el resultado de:,una transferencia de calor.,el movimiento del aire.,un diferencial de presión.,A,DownloadBalotario (2).pdf,False
PREG202411060306,5304,METEOROLOGÍA,5304.- ¿Qué condiciones son favorables para la formación de una inversión de temperatura en superficie?,Noches despejadas y frescas con viento en calma o ligero.,Zona de aire inestable que transfiere rápidamente el calor de la superficie.,Amplias zonas de cúmulos con bases lisas y niveladas a la misma altura.,A,DownloadBalotario (2).pdf,False
PREG202411060307,5310,METEOROLOGÍA,5310.- ¿Qué causa el viento?,La rotación de la tierra.,Modificación de la masa de aire.,Diferencias de presión.,C,DownloadBalotario (2).pdf,False
PREG202411060308,5311,METEOROLOGÍA,"5311.- En el hemisferio norte, el viento se desvía hacia la:",derecha por la fuerza de Coriolis.,derecha por la fricción de la superficie.,izquierda por la fuerza de Coriolis.,A,DownloadBalotario (2).pdf,False
PREG202411060309,5312,METEOROLOGÍA,5312.- ¿Por qué el viento tiende a fluir en paralelo a las isobaras de presión por encima del nivel de fricción?,La fuerza de Coriolis tiende a contrarrestar el gradiente de presión horizontal.,La fuerza de Coriolis actúa perpendicularmente a una línea que une los máximos y los mínimos.,La fricción del aire con la tierra desvía el aire perpendicularmente al gradiente de presión.,A,DownloadBalotario (2).pdf,False
PREG202411060310,5313,METEOROLOGÍA,5313.- El sistema de vientos asociado a una zona de bajas presiones en el hemisferio norte es:,un anticiclón y es causado por el aire frío descendente.,un ciclón y es causado por la fuerza de Coriolis.,un anticiclón y es causado por la fuerza de Coriolis.,B,DownloadBalotario (2).pdf,False
PREG202411060311,5314,METEOROLOGÍA,5314.- Con respecto a los patrones de flujo de viento mostrados en los gráficos de análisis de superficie; cuando las isobaras son:,cercanas y la fuerza del gradiente de presión es leve y las velocidades del viento son más débiles.,lejanas y la fuerza del gradiente de presión es mayor y las velocidades del viento son más fuertes.,cercanas y la fuerza del gradiente de presión es mayor y las velocidades del viento son más fuertes.,C,DownloadBalotario (2).pdf,False
PREG202411060312,5315,METEOROLOGÍA,5315.- ¿Qué impide que el aire fluya directamente de las zonas de alta presión a las de baja presión?,Fuerza de Coriolis.,Fricción superficial.,Fuerza de gradiente de presión.,A,DownloadBalotario (2).pdf,False
PREG202411060313,5316,METEOROLOGÍA,"5316.- Mientras se vuela a campo traviesa, en el hemisferio norte, se experimenta un viento cruzado continuo a la izquierda el cual está asociado a un sistema de viento alto. Esto indica que usted:",está volando hacia una zona de condiciones generalmente desfavorables.,se encuentra volando desde una zona con condiciones meteorológicas desfavorables.,no se puede determinar las condicione meteorológicas sin conocer los cambios de presión.,A,DownloadBalotario (2).pdf,False
PREG202411060314,5317,METEOROLOGÍA,5317.- ¿Qué afirmación es cierta con respecto a un sistema de alta o baja presión?,Una zona de alta presión o cresta es un área de aire ascendente.,Una zona de baja presión o vaguada es una zona de aire descendente.,Una zona de alta presión o cresta es una zona de aire descendente.,C,DownloadBalotario (2).pdf,False
PREG202411060315,5318,METEOROLOGÍA,5318.- ¿Qué afirmación es cierta respecto a los sistemas de alta o baja presión?,Una zona de alta presión o cresta es un área de aire ascendente.,Una zona de bajas presiones o vaguada es una zona de aire ascendente.,Tanto las zonas de alta como de baja presión se caracterizan por el aire descendente.,B,DownloadBalotario (2).pdf,False
PREG202411060316,5319,METEOROLOGÍA,"5319.- Cuando se vuela hacia una zona de bajas presiones en el hemisferio norte, la dirección y la velocidad del viento será:",a la izquierda y disminuyendo.,a la izquierda y aumentando.,derecha y disminuyendo.,B,DownloadBalotario (2).pdf,False
PREG202411060317,5320,METEOROLOGÍA,5320.- ¿Qué afirmación es cierta en cuanto a la temperatura real del aire y la dispersión de la temperatura del punto de rocío? La dispersión de la temperatura:,disminuye a medida que la humedad relativa disminuye,disminuye a medida que aumenta la humedad relativa.,aumenta a medida que aumenta la humedad relativa.,B,DownloadBalotario (2).pdf,False
PREG202411060318,5321,METEOROLOGÍA,5321.- La circulación general del aire asociada a una zona de altas presiones en el hemisferio norte es:,"hacia fuera, hacia abajo y en el sentido de las agujas del reloj.","hacia fuera, hacia arriba y en el sentido de las agujas del reloj.","hacia adentro, hacia abajo y en el sentido de las agujas del reloj.",A,DownloadBalotario (2).pdf,False
PREG202411060319,5322,METEOROLOGÍA,5322.- La mejor descripción de virga es:,serpentinas de precipitación que se arrastran por debajo de las nubes y que se evaporan antes de llegar al suelo.,torrentes de nubes de pared que se arrastran por debajo de los cumulonimbos y que se disipan antes de llegar al suelo.,zonas turbulentas bajo las nubes cumulonimbos.,A,DownloadBalotario (2).pdf,False
PREG202411060320,5323,METEOROLOGÍA,5323.- La humedad se añade al aire mediante:,sublimación y condensación.,evaporación y condensación.,evaporación y sublimación.,C,DownloadBalotario (2).pdf,False
PREG202411060321,5324,METEOROLOGÍA,5324.- Los gránulos de hielo encontrados durante el vuelo normalmente son una prueba de que:,un frente cálido ha pasado.,un frente cálido está a punto de pasar.,hay tormentas eléctricas en la zona.,B,DownloadBalotario (2).pdf,False
PREG202411060322,5325,METEOROLOGÍA,"5325.- ¿Qué indica encontrar granos de hielo a 8,000 pies?",Lluvia helada a mayor altitud.,Se está acercando una zona de tormentas.,Se encontrará con granizo si continua su vuelo.,A,DownloadBalotario (2).pdf,False
PREG202411060323,5326,METEOROLOGÍA,5326.- Los gránulos de hielo encontrados durante el vuelo son normalmente una prueba de que:,ha pasado un frente frío.,hay tormentas eléctricas en la zona.,la lluvia helada existe a mayor altitud.,C,DownloadBalotario (2).pdf,False
PREG202411060324,5327,METEOROLOGÍA,5327.- Cuando se pronostica un aire condicionalmente inestable con alto contenido de humedad y una temperatura superficial muy cálida ¿Qué tipo de tiempo se puede esperar?,Fuertes corrientes ascendentes y nubes grandes.,Visibilidad restringida cerca de la superficie en una zona amplia.,Fuertes corrientes ascendentes y nubes de desarrollo vertical.,C,DownloadBalotario (2).pdf,False
PREG202411060325,5328,METEOROLOGÍA,"5328.- ¿Cuál es la base aproximada de los cúmulos si la temperatura a 2,000 Pies MSL es de 10°C y el punto de rocío es de 1°C?","3,000 Pies MSL.","4,000 Pies MSL.","6,000 Pies MSL.",C,DownloadBalotario (2).pdf,False
PREG202411060326,5329,METEOROLOGÍA,"5329.- Si las nubes se forman como resultado de un aire muy estable y húmedo que se ve obligado a ascender por la ladera de una montaña, las nubes serán:",nubes tipo cirrus sin desarrollo vertical ni turbulencia.,nubes tipo cúmulo con considerable desarrollo vertical y turbulencia.,nubes tipo estratos con poco desarrollo vertical y poca o ninguna turbulencia.,C,DownloadBalotario (2).pdf,False
PREG202411060327,5330,METEOROLOGÍA,5330.- ¿Qué determina la estructura o el tipo de nubes que se formarán como consecuencia del ascenso forzado del aire?,El método por el que se eleva el aire.,La estabilidad del aire antes de que se produzca la elevación.,La humedad relativa del aire después de la elevación.,B,DownloadBalotario (2).pdf,False
PREG202411060328,5331,METEOROLOGÍA,5331 .- Consulte el extracto del siguiente informe: METAR: KTUS ««« 08004 KT 4 SM HZ « 26/04 A 2995 RMK RAE 36 ¿A qué altitud AGL aproximadamente deberían esperarse bases de nubes cumulonimbos de tipo convectivo?,"4,400 Pies.","8,800 Pies.","17,600 Pies.",B,DownloadBalotario (2).pdf,False
PREG202411060329,5332,METEOROLOGÍA,5332.- ¿Cuáles son las características del aire estable?,Buena visibilidad; precipitación constante; nubes estratos.,Poca visibilidad; precipitaciones constantes; nubes estratos.,Poca visibilidad; precipitaciones intermitentes; cúmulos de nubes.,B,DownloadBalotario (2).pdf,False
PREG202411060330,5333,METEOROLOGÍA,5333.- ¿Cuál de las siguientes disminuiría la estabilidad de una masa de aire?,Calentamiento desde abajo.,Enfriamiento desde abajo.,Disminución del vapor de agua.,A,DownloadBalotario (2).pdf,False
PREG202411060331,5334,METEOROLOGÍA,5334.- ¿A partir de que medición de la atmósfera se puede determinar la estabilidad?,Presión atmosférica.,El gradiente térmico vertical.,El gradiente adiabático seco.,B,DownloadBalotario (2).pdf,False
PREG202411060332,5335,METEOROLOGÍA,5335.- ¿Qué tipo de tiempo se puede esperar del aire húmedo e inestable y de las temperaturas superficiales muy cálidas?,Nieblas y nubes bajas.,Precipitaciones fuertes y continuas.,Fuertes corrientes ascendentes y nubes cumulonimbos.,C,DownloadBalotario (2).pdf,False
PREG202411060333,5336,METEOROLOGÍA,5336.- ¿Qué aumentaría la estabilidad de una masa de aire?,Calentamiento desde abajo.,Enfriamiento desde abajo.,Disminución del vapor de agua.,B,DownloadBalotario (2).pdf,False
PREG202411060334,5337,METEOROLOGÍA,5337.- Las condiciones necesarias para la formación de nubes estratiformes son una acción de elevación y:,aire inestable y seco.,aire estable y húmedo.,aire inestable y húmedo.,B,DownloadBalotario (2).pdf,False
PREG202411060335,5338,METEOROLOGÍA,5338.- ¿Qué tipos de nubes indicarían una turbulencia convectiva?,Nubes tipo cirrus.,Nubes tipo nimbostrato.,Nubes tipo cúmulos.,C,DownloadBalotario (2).pdf,False
PREG202411060336,5339,METEOROLOGÍA,5339.- La presencia de nubes lenticulares altocúmulos es un buen indicio de:,formación de hielo lenticular en aire tranquilo.,turbulencia muy fuerte.,condiciones de fuerte helada.,B,DownloadBalotario (2).pdf,False
PREG202411060337,5340,METEOROLOGÍA,5340.- La formación de nubes predominantemente estratiformes o predominantemente cumulonimbos depende de:,la fuente de elevación.,la estabilidad del aire que se eleva.,la temperatura del aire que se eleva.,B,DownloadBalotario (2).pdf,False
PREG202411060338,5341,METEOROLOGÍA,"5341.- ¿Qué combinación de variables meteorológicas produciría probablemente nubes de tipo cumuliforme, buena visibilidad y lluvia torrencial?","Aire estable, húmedo y elevación orográfica.","Aire inestable, húmedo y elevación orográfica.","Aire inestable, húmedo y sin mecanismo de elevación.",B,DownloadBalotario (2).pdf,False
PREG202411060339,5342,METEOROLOGÍA,5342.- ¿Cuál es una característica del aire estable?,Nubes estratiformes.,Cúmulos de buen tiempo.,Disminución rápida de la temperatura con la altitud.,A,DownloadBalotario (2).pdf,False
PREG202411060340,5343,METEOROLOGÍA,5343.- Una masa de aire húmeda e inestable se caracteriza por:,poca visibilidad y aire suave.,nubes cumulonimbos y precipitaciones en chubasco.,nubes estratiformes y precipitaciones continuas.,B,DownloadBalotario (2).pdf,False
PREG202411060341,5343.1,METEOROLOGÍA,5343.1-¿Cuáles son las características de una atmosfera inestable?,Una masa de aire fresco y seco.,Una masa de aire cálido y húmedo.,Aire descendente en el hemisferio norte.,B,DownloadBalotario (2).pdf,False
PREG202411060342,5344,METEOROLOGÍA,5344.- Cuando una masa de aire es estable ¿cuál de estas condiciones es más probable que exista?,Numerosos cúmulos y cumulonimbos.,Cambio de turbulencia de moderada a severa en los niveles inferiores.,"Calima, el polvo, la bruma, etc. Se concentran en los niveles inferiores con la consiguiente mala visibilidad.",C,DownloadBalotario (2).pdf,False
PREG202411060343,5345,METEOROLOGÍA,5345.- ¿Cuál es una característica del aire estable?,Nubes cumulonimbo.,Excelente visibilidad.,Visibilidad restringida.,C,DownloadBalotario (2).pdf,False
PREG202411060344,5346,METEOROLOGÍA,5346.- ¿Cuál es una característica típica de una masa de aire estable?,Nubes cumulonimbos.,Precipitaciones en chubasco.,Precipitaciones continuas.,C,DownloadBalotario (2).pdf,False
PREG202411060345,5347,METEOROLOGÍA,5347.- ¿Cuál afirmación es verdadera sobre la oclusión de un frente frío? El aire por delante del frente cálido:,es más frío que el aire que está detrás del frente frío que lo adelanta.,es más cálido que el aire detrás del frente frío que lo sobrepasa.,tiene la misma temperatura que el aire que está detrás del frente frío que lo adelanta.,B,DownloadBalotario (2).pdf,False
PREG202411060346,5348,METEOROLOGÍA,5348.- ¿Cuáles son las características de una masa de aire frío que se desplaza sobre una superficie cálida?,"Nubes cumulonimbos, turbulencia y poca visibilidad.","Nubes cumulonimbos, turbulencia y buena visibilidad.","Nubes estratiformes, aire suave y poca visibilidad.",B,DownloadBalotario (2).pdf,False
PREG202411060347,5349,METEOROLOGÍA,5349.- Las condiciones necesarias para la formación de cumulonimbos son una acción de elevación y:,aire inestable y seco.,aire estable y húmedo.,aire inestable y húmedo.,C,DownloadBalotario (2).pdf,False
PREG202411060348,5350,METEOROLOGÍA,5350.- La niebla producida por la actividad frontal es el resultado de la saturación debido a:,enfriamiento nocturno.,enfriamiento adiabático.,evaporación de las precipitaciones.,C,DownloadBalotario (2).pdf,False
PREG202411060349,5351,METEOROLOGÍA,5351.- ¿Cuál es una característica importante respecto a la cizalladura del viento?,Sólo está presente en los niveles inferiores y existe en sentido horizontal.,Está presente en cualquier nivel y sólo existe en sentido vertical.,Puede estar presente en cualquier nivel y puede existir tanto en sentido horizontal como vertical.,C,DownloadBalotario (2).pdf,False
PREG202411060350,5352,METEOROLOGÍA,5352.- Es habitual encontrar una cizalladura de viento peligrosa:,cerca de la actividad frontal cálida o estacionaria.,cuando la velocidad del viento es superior a 35 nudos.,en áreas de inversión de temperatura y cerca de tormentas.,C,DownloadBalotario (2).pdf,False
PREG202411060351,5353,METEOROLOGÍA,5353.- La cizalladura del viento a bajo nivel puede ocurrir cuando:,los vientos de superficie son ligeros y variables.,hay una inversión de temperatura en niveles bajos con fuertes vientos por encima de la inversión.,. los vientos de superficie son superiores a 15 nudos y no hay cambios en la dirección y la velocidad del viento con la altura.,B,DownloadBalotario (2).pdf,False
PREG202411060352,5354,METEOROLOGÍA,"5354.- Si se encuentra una inversión de temperatura inmediatamente después del despegue o durante la aproximación al aterrizaje, existe un peligro potencial debido a:",la cizalladura del viento.,los fuertes vientos de superficie.,las fuertes corrientes convectivas.,A,DownloadBalotario (2).pdf,False
PREG202411060353,5355,METEOROLOGÍA,"5355.- DADO: Vientos a 3.000 pies AGL 30 Nudos. Vientos en superficie: Calmados. Durante la aproximación para el aterrizaje bajo cielos despejados con turbulencia convectiva unas horas después del amanecer, se debe:",aumentar la velocidad de aproximación ligeramente por encima de lo normal para evitar la entrada en pérdida.,mantener la velocidad de aproximación en el nivel normal o ligeramente inferior para compensar la flotación.,"no alterar la velocidad del aire de aproximación, estas condiciones son casi ideales.",A,DownloadBalotario (2).pdf,False
PREG202411060354,5356,METEOROLOGÍA,"5356.- Las corrientes convectivas son más activas en las tardes cálidas de verano, cuando los vientos son:",bajos.,moderados.,fuertes.,A,DownloadBalotario (2).pdf,False
PREG202411060355,5357,METEOROLOGÍA,"5357.- Cuando se vuele a baja altura sobre terrenos accidentados, crestas o cordilleras, el mayor peligro potencial de las corrientes de aire turbulentas se encontrará normalmente en el:",sotavento cuando se vuela con viento de cola.,sotavento cuando se vuela contra el viento.,barlovento cuando se vuela contra el viento.,B,DownloadBalotario (2).pdf,False
PREG202411060356,5358,METEOROLOGÍA,"5358.- Durante una aproximación, el medio más importante y más fácilmente reconocible para ser alertado de una posible cizalladura del viento es la monitorización de la:",cantidad de compensador requerido para aliviar las presiones de control.,cambios de rumbo necesarios para permanecer en línea central de la pista.,potencia y velocidad vertical necesarias para mantenerse en la senda de planeo adecuada.,C,DownloadBalotario (2).pdf,False
PREG202411060357,5359,METEOROLOGÍA,"5359.- Durante la salida, en condiciones de sospecha de cizalladura del viento en niveles bajos, una disminución repentina del viento en contra provocará:",una pérdida de velocidad del aire igual a la disminución de la velocidad del viento.,una ganancia de velocidad del aire igual a la disminución de la velocidad del viento.,"no hay cambios en la velocidad del aire, pero la velocidad con respecto al suelo disminuirá.",A,DownloadBalotario (2).pdf,False
PREG202411060358,5360,METEOROLOGÍA,5360.-¿Qué situación es más probable que produzca una precipitación helada? La lluvia que cae del aire que tiene una temperatura de:,32°F menos en aire con una temperatura superior a 32 °F.,0°C o menos en un aire con una temperatura de 0 °C o más.,más de 32°F en el aire que tiene una temperatura de 32 °F o menos.,C,DownloadBalotario (2).pdf,False
PREG202411060359,5361,METEOROLOGÍA,5361.- ¿Qué afirmación es cierta sobre los peligros del granizo?,Los daños del granizo en vuelo horizontal son mínimos debido al movimiento vertical del granizo en las nubes.,La lluvia en la superficie es una indicación fiable de que no hay granizo en el aire.,Los granizos pueden encontrarse en el aire a varios kilómetros de una tormenta.,C,DownloadBalotario (2).pdf,False
PREG202411060360,5362,METEOROLOGÍA,5362.- El granizado es más probable que se asocie con:,nubes cúmulos.,nubes cumulonimbos.,nubes estratocúmulos.,B,DownloadBalotario (2).pdf,False
PREG202411060361,5363,METEOROLOGÍA,"5363.- Las condiciones meteorológicas más severas, como los vientos destructivos, el granizo intenso y los tornados, suelen estar asociadas a:",frentes cálidos de movimiento lento que se inclinan por encima de la tropopausa.,líneas de borrasca.,frentes ocluidos de rápido movimiento.,B,DownloadBalotario (2).pdf,False
PREG202411060362,5364,METEOROLOGÍA,"5364.- De las siguientes afirmaciones, ¿cuál es correcta en relación con la turbulencia asociada a las tormentas eléctricas?","Fuera de la nube, la turbulencia de cizalladura puede encontrarse a 50 millas lateralmente de una tormenta severa.",La turbulencia de cizalladura sólo se encuentra en el interior de los cumulonimbos o en un radio de 8 kilómetros de estos.,"Fuera de la nube, la turbulencia de cizalladura puede encontrarse a 20 millas lateralmente de una tormenta severa.",C,DownloadBalotario (2).pdf,False
PREG202411060363,5365,METEOROLOGÍA,"5365.- Si el radar aéreo indica un eco de tormenta extremadamente intenso, esta tormenta debe evitarse a una distancia de al menos:",20 millas.,10 millas.,5 millas.,A,DownloadBalotario (2).pdf,False
PREG202411060364,5366,METEOROLOGÍA,5366.- ¿Qué afirmación es cierta respecto a las líneas de borrasca?,Siempre se asocian a los frentes fríos.,"Son lentos en su formación, pero rápidos en su movimiento.",No son frontales y a menudo contienen tormentas severas y estables.,C,DownloadBalotario (2).pdf,False
PREG202411060365,5367,METEOROLOGÍA,5367.- ¿Qué afirmación es cierta respecto a las líneas de borrasca?,"Se forman lentamente, pero se mueven rápidamente.",Se asocia únicamente a los sistemas frontales.,Ofrecen los riesgos meteorológicos más intensos paras las aeronaves.,C,DownloadBalotario (2).pdf,False
PREG202411060366,5368,METEOROLOGÍA,5368.- Seleccione la afirmación correcta respecto al ciclo de vida de una tormenta eléctrica:,las corrientes de aire continúan desarrollándose durante la fase de disipación de una tormenta.,el comienzo de la lluvia en la superficie de la tierra indica la fase de madurez de la tormenta.,el comienzo de la lluvia en la superficie de la tierra indica la fase de disipación de la tormenta.,B,DownloadBalotario (2).pdf,False
PREG202411060367,5369,METEOROLOGÍA,5369.- ¿Qué signos visibles indican una turbulencia extrema en las tormentas?,"Base de las nubes cerca de la superficie, fuerte lluvia y granizo.","Bajo techo y visibilidad, granizo y precipitación estática.","Nubes cumulonimbos, relámpagos muy frecuentes y nubes en rodillo (Arcus).",C,DownloadBalotario (2).pdf,False
PREG202411060368,5370,METEOROLOGÍA,5370.- ¿Qué fenómeno meteorológico indica el comienzo de la fase de madurez de una tormenta?,El comienzo de la lluvia.,El aspecto de la parte superior de un yunque.,La tasa de crecimiento de la nube es máxima.,A,DownloadBalotario (2).pdf,False
PREG202411060369,5371,METEOROLOGÍA,5371.- ¿Qué característica se asocia normalmente a la fase de cúmulo de una tormenta eléctrica?,Nube de rollos.,Corriente ascendente continua.,Comienza a llover en la superficie.,B,DownloadBalotario (2).pdf,False
PREG202411060370,5372,METEOROLOGÍA,"5372.- Durante el ciclo de vida de una tormenta eléctrica, ¿Qué etapa se caracteriza predominante por las corrientes descendentes?",Madurez.,Cúmulo.,Disipación.,C,DownloadBalotario (2).pdf,False
PREG202411060371,5373,METEOROLOGÍA,5373.- ¿Qué distancia mínima debe existir entre los ecos intensos del radar antes de intentar volar entre estas tormentas?,20 millas.,30 millas.,40 millas.,C,DownloadBalotario (2).pdf,False
PREG202411060372,5373.1,METEOROLOGÍA,"5373.1- Las tormentas eléctricas identificadas como severas o que dan un eco de radar intenso, ¿A qué distancia deben evitarse?",5 millas.,Al menos 25 millas.,Al menos 20 millas.,C,DownloadBalotario (2).pdf,False
PREG202411060373,5373.2,METEOROLOGÍA,5373.2- Las mayores amenazas para una aeronave que opera en la proximidad de tormentas eléctricas son:,truenos y fuertes lluvias.,granizos y las turbulencias.,precipitación estática y baja visibilidad.,B,DownloadBalotario (2).pdf,False
PREG202411060374,5373.3,METEOROLOGÍA,"5373.3- Usted está evitando una tormenta eléctrica que se encuentra en su trayectoria de vuelo. Está a más de 20 millas de la célula; sin embargo, está bajo el yunque de la célula. ¿Es esto un peligro?","No, la distancia a la célula es segura.","Sí, el granizo puede ser descargado desde el yunque.","Sí, la distancia está aún en el área de disipación.",B,DownloadBalotario (2).pdf,False
PREG202411060375,5374,METEOROLOGÍA,5374.- ¿Qué peligro en vuelo se asocia más comúnmente con los frentes cálidos?,Niebla de advección.,Niebla de radiación.,Niebla inducida por la precipitación.,C,DownloadBalotario (2).pdf,False
PREG202411060376,5375,METEOROLOGÍA,5375.- ¿Cuál de las siguientes afirmaciones es cierta en relación con el uso del radar meteorológico aerotransportado para el reconocimiento de determinadas condiciones meteorológicas?,El radar no ofrece ninguna garantía de evitar las condiciones meteorológicas.,La evasión del granizo está asegurada cuando se vuela entre los ecos más intensos y apenas se aleja de ellos.,La zona despejada entre los ecos intensos indica que se puede mantener la visión de las tormentas cuando se vuela entre los ecos.,A,DownloadBalotario (2).pdf,False
PREG202411060377,5376,METEOROLOGÍA,5376.- La situación más propicia para la formación de niebla de advección es:,una ligera brisa que desplaza el aire frio sobre la superficie del agua.,una masa de aire que se desplaza hacia el interior desde la costa durante el invierno.,una masa de aire cálido y húmedo que se asienta sobre una superficie fría en condiciones de ausencia de viento.,B,DownloadBalotario (2).pdf,False
PREG202411060378,5377,METEOROLOGÍA,5377.- La niebla de advección se ha desplazado sobre un aeropuerto costero durante el día. ¿Qué puede tender a disipar o elevar esta niebla en nubes bajas?,Enfriamiento nocturno.,Radiación superficial.,Viento de 15 nudos o más fuerte.,C,DownloadBalotario (2).pdf,False
PREG202411060379,5378,METEOROLOGÍA,5378.- ¿Qué levanta la niebla de advección en las nubes bajas?,Enfriamiento nocturno.,La sequedad de la masa terrestre subyacente.,Vientos en superficie de aproximadamente 15 nudos o más fuertes.,C,DownloadBalotario (2).pdf,False
PREG202411060380,5379,METEOROLOGÍA,"5379.- ¿En qué se diferencian la niebla de advección, la niebla de radiación y la niebla de vapor en su formación o ubicación?",La niebla por radiación se limita a las zonas terrestres; la niebla por advección es más común en las zonas costeras; la niebla de vapor se forma sobre una superficie de agua.,La niebla por advección se profundiza a medida que aumenta la velocidad del viento hasta 20 nudos; la niebla de vapor requiere un viento en calma o muy ligero; la niebla por radiación se forma cuando el suelo o el agua enfrían el aire por radiación.,La niebla de vapor se forma a partir del aire húmedo que se desplaza sobre una superficie más fría; la niebla de advección requiere aire frío sobre una superficie más cálida; la niebla de radiación se produce por el enfriamiento radial del suelo.,A,DownloadBalotario (2).pdf,False
PREG202411060381,5380,METEOROLOGÍA,"5380.- Con respecto a la niebla de advección, ¿qué afirmación es cierta?",Se desarrolla lentamente y se disipa con bastante rapidez.,Se forma casi exclusivamente por la noche o cerca del amanecer.,"Puede aparecer repentinamente durante el día o la noche, y es más persistente que la niebla de radiación.",C,DownloadBalotario (2).pdf,False
PREG202411060382,5381,METEOROLOGÍA,5381.- ¿Qué característica está asociada a la tropopausa?,Altura constante sobre la tierra.,Cambio abrupto en el gradiente térmico vertical.,Límite superior absoluto de formación de nubes.,B,DownloadBalotario (2).pdf,False
PREG202411060383,5382,METEOROLOGÍA,5382.- Un lugar común de turbulencia de aire claro es:,en una vaguada superior en el lado polar de una corriente en chorro.,cerca de una cresta en la parte ecuatorial de un flujo de alta presión.,al sur de una cresta de alta presión orientada al este/oeste en su fase de disipación.,A,DownloadBalotario (2).pdf,False
PREG202411060384,5383,METEOROLOGÍA,5383.- La corriente en chorro y las turbulencias de aire claro asociadas pueden identificarse a veces visualmente en vuelo por:,polvo o neblina a nivel de vuelo.,largas vetas de nubes cirrus.,una temperatura constante del aire exterior.,B,DownloadBalotario (2).pdf,False
PREG202411060385,5384,METEOROLOGÍA,"5384.- Durante los meses de invierno en las latitudes medias, la corriente de chorro se desplaza hacia el:",norte y la velocidad disminuye.,sur y la velocidad incrementa.,norte y la velocidad incrementa.,B,DownloadBalotario (2).pdf,False
PREG202411060386,5385,METEOROLOGÍA,5385.- La fuerza y la ubicación de la corriente en chorro es normalmente:,más débil y más al norte en el verano.,más fuerte y más al norte en el invierno.,más fuerte y más al norte en el verano.,A,DownloadBalotario (2).pdf,False
PREG202411060387,5393,METEOROLOGÍA,5393.- La condición más favorable para la formación de ondas de montaña son una capa de:,aire estable en la altura de la montaña y un viento de al menos 20 nudos soplando a través de la cresta.,aire inestable a la altura de la montaña y un viento de al menos 20 nudos soplando a través de la cresta.,aire húmedo e inestable en la altura de la montaña y un viento de menos de 5 nudos a través de la cresta.,A,DownloadBalotario (2).pdf,False
PREG202411060388,5447,METEOROLOGÍA,5447.- ¿Qué tipo de corriente en chorro puede provocar mayores turbulencias?,Una corriente en chorro recta asociada a una caída de presión.,Una corriente en chorro curvada asociada a una caída de presión.,Una corriente en chorro que se produce durante el verano en las latitudes más bajas.,B,DownloadBalotario (2).pdf,False
PREG202411060389,5448,METEOROLOGÍA,5448.- Se puede esperar una fuerte cizalladura del viento cuando:,"en el frente de la corriente de chorro, por encima de un núcleo que tiene una velocidad de 60 a 90 nudos.",si las isotermas de 5 °C están espaciadas entre 7° y 10° de altitud.,"en el lado de baja presión de un núcleo de chorro, donde la velocidad en el núcleo es más fuerte que 110 nudos.",C,DownloadBalotario (2).pdf,False
PREG202411060390,5449,METEOROLOGÍA,5449.- El Sistema de Alerta de Cizalladura del Viento de Bajo Nivel (LLWAS) proporciona datos de viento y proceso de software para detectar la presencia de:,una columna de aire en rotación que se extiende desde un cumulonimbo.,un cambio en la dirección y/o velocidad del viento en una distancia muy corta por encima del aeropuerto.,el movimiento descendente del aire asociado a los vientos continuos que soplan con componente este debido a la rotación de la tierra.,B,DownloadBalotario (2).pdf,False
PREG202411060391,5739,METEOROLOGÍA,5739.- El hielo que cubre la superficie superior del ala de un avión suele provocar:,que el avión entre en pérdida con un ángulo de ataque superior al normal.,que el avión entre en perdida con un ángulo de ataque inferior al normal.,factores de resistencia aerodinámica tan grandes que no se puede obtener suficiente velocidad para el despegue.,B,DownloadBalotario (2).pdf,False
PREG202411060392,5971,METEOROLOGÍA,"5971.- Durante un vuelo IFR a campo traviesa, usted ha recogido hielo en el borde de ataque de las alas de un grosor estimado de 1/2"". Ahora está por debajo de las nubes a 2000 pies AGL y se está acercando a su aeropuerto de destino bajo VFR. La visibilidad bajo las nubes es de más de 10 millas, los vientos en el aeropuerto de destino son de 8 nudos a lo largo de la pista y la temperatura de la superficie es de 3 grados Celsius. Usted decide:",utilizar una velocidad de aproximación y aterrizaje más rápida de lo normal.,realizar la aproximación y aterrizaje con una velocidad normal ya que el hielo no es lo suficientemente grueso como para tener un efecto notable.,hacer la aproximación más despacio de lo normal para disminuir el efecto de ³ Enfriamiento por el viento ´ y romper el hielo.,A,DownloadBalotario (2).pdf,False
PREG202411060393,5991,METEOROLOGÍA,"5991.- Hay un sistema de alta presión que se encuentra al sur de su ruta planificada en el hemisferio norte en un vuelo de oeste a este a campo traviesa. Para aprovechar los vientos favorables, usted planificaría su ruta:",en el lado norte de la zona de alta presión.,en el lado sur de la zona de alta presión.,a través del centro de la zona de alta presión.,A,DownloadBalotario (2).pdf,False
PREG202411060503,5062,NAVEGACIÓN,5062.- ¿Cuál es el máximo error de marcación (+ o -) permitido para una comprobación operativa del equipo VOR cuando se utiliza una señal de prueba en tierra aprobada?,4 grados.,6 grados.,8 grados.,A,DownloadBalotario (3).pdf,False
PREG202411060504,5122.2,NAVEGACIÓN,"5122.2.- ¿Qué datos debe anotar en la bitácora de la aeronave o en otro registro, el piloto que realiza una comprobación operativa del VOR para operaciones IFR?","Nombre o identificación del VOR, lugar de la comprobación operativa, importe del error de marcación y fecha de la comprobación.","Fecha del chequeo, lugar del chequeo operacional, error de marcación y firma.","Nombre o identificación del VOR, importe del error de porte, fecha del chequeo y firma.",B,DownloadBalotario (3).pdf,False
PREG202411060505,5122.3,NAVEGACIÓN,"5122.3.- Cuando se navega RNAV basado en los sensores VOR/DME, la selección de un VOR que no tiene servicio DME:",provocará la pérdida de la capacidad RNAV.,no afecta la capacidad de navegación.,no afecta a la navegación siempre que el GPS funcione adecuadamente.,A,DownloadBalotario (3).pdf,False
PREG202411060506,5306,NAVEGACIÓN,"5306 .- A partir de los siguientes datos indique un valor aproximado para la altitud por densidad: Altitud de presión 12,000 pies Temperatura real del aire + 50° F","11,900 pies.","14,130 pies.","18,150 pies.",B,DownloadBalotario (3).pdf,False
PREG202411060507,5307,NAVEGACIÓN,5307 .- A partir de los siguientes datos indique un valor aproximado para la altitud por densidad: Altitud de presión 5.000 pies Temperatura real del aire + 30° C,"7,200 pies.","7,800 pies.","9,000 pies.",B,DownloadBalotario (3).pdf,False
PREG202411060508,5308,NAVEGACIÓN,"5308 .- A partir de los siguientes datos indique un valor aproximado para la altitud por densidad: Altitud de presión 6,000 pies Temperatura real del aire + 30° F","9,000 pies.","5,500 pies.","5,000 pies.",B,DownloadBalotario (3).pdf,False
PREG202411060509,5309,NAVEGACIÓN,"5309 .- A partir de los siguientes datos indique un valor aproximado para la altitud por densidad: Altitud de presión 7,000 pies Temperatura real del aire (TAT) + 15° C","5,000 pies.","8,500 pies.","9,500 pies.",B,DownloadBalotario (3).pdf,False
PREG202411060510,5466,NAVEGACIÓN,"5466 .- Una aeronave desciende a un aeropuerto con las siguientes condiciones: Altitud de crucero 6.500 pies Elevación del aeropuerto 700 pies Desciende a 800 pies AGL Velocidad de descenso 500 ft/min Velocidad promedio real 110 nudos Curso verdadero 335° Velocidad promedio del viento 060° a 15 nudos Variación 3° W Desviación + 2° Consumo medio de combustible 8.5 gal/h Determine el tiempo aproximado de descenso, el rumbo de la brújula (CH), la distancia y el combustible consumido durante el descenso:","10 minutos, 348°, 18 NM, 1.4 galones.","10 minutos, 355°, 17 NM, 2.4 galones.","12 minutos, 346°, 18 NM, 1.6 galones.",A,DownloadBalotario (3).pdf,False
PREG202411060511,5467,NAVEGACIÓN,"5467 .- Una aeronave desciende a un aeropuerto con las siguientes condiciones: Altitud de crucero 7.500 pies Elevación del aeropuerto 1.300 pies Desciende a 800 pies AGL Velocidad de descenso 300 ft/min Velocidad promedio real 120 nudos. Curso verdadero 165° Velocidad promedio del viento 240° a 20 nudos. Variación 4° E Desviación - 2° Consumo medio de combustible 9.6 gal/h Determine el tiempo aproximado de descenso, el rumbo de la brújula (CH), la distancia y el combustible consumido durante el descenso:","16 minutos, 168°, 30 NM, 2.9 galones.","18 minutos, 164°, 34 NM, 3.2 galones.","18 minutos, 168°, 34 NM, 2.9 galones.",C,DownloadBalotario (3).pdf,False
PREG202411060512,5468,NAVEGACIÓN,"5468 .- Una aeronave desciende a un aeropuerto con las siguientes condiciones: Altitud de crucero 10.500 pies Elevación del aeropuerto 1.700 pies Desciende a 1.000 pies AGL Velocidad de descenso 600 ft/min Velocidad promedio real 135 Nudos. Curso verdadero 263° Velocidad promedio del viento 330° a 30 Nudos. Variación 7° E Desviación + 3° Consumo medio de combustible 11.5 gal/h Determine el tiempo aproximado de descenso, el rumbo de la brújula (CH), la distancia y el combustible consumido durante el descenso:","9 minutos, 274°, 26 NM, 2.8 galones.","13 minutos, 274°, 28 NM, 2.5 galones.","13 minutos, 271°, 26 NM, 2.5 galones.",C,DownloadBalotario (3).pdf,False
PREG202411060513,5469,NAVEGACIÓN,"5469.- Si el consumo de combustible es de 80 libras por hora y la velocidad con respecto al suelo es de 180 nudos, ¿Cuánto combustible se necesita para que la aeronave recorra 460 NM?",205 libras.,212 libras.,460 libras.,A,DownloadBalotario (3).pdf,False
PREG202411060514,5470,NAVEGACIÓN,"5470.- Si una aeronave consume 95 libras de combustible por hora a una altitud de crucero de 6.500 pies y la velocidad con respecto al suelo es de 173 nudos, ¿Cuánto combustible se necesita para recorrer 450 NM?",248 libras.,265 libras.,284 libras.,A,DownloadBalotario (3).pdf,False
PREG202411060515,5471,NAVEGACIÓN,"5471.- Si una aeronave consume 12.5 galones de combustible por hora a una altitud de crucero de 8,500 pies y la velocidad con respecto al suelo es de 145 nudos, ¿cuánto combustible necesita para recorrer 435 NM?",27 galones.,34 galones.,38 galones.,C,DownloadBalotario (3).pdf,False
PREG202411060516,5472,NAVEGACIÓN,"5472.- Si una aeronave consume 9.5 galones de combustible por hora a una altitud de crucero de 6,000 pies y la velocidad con respecto al suelo es de 135 nudos, ¿Cuánto combustible se necesita para recorrer 420 NM?",27 galones.,30 galones.,35 galones.,B,DownloadBalotario (3).pdf,False
PREG202411060517,5473,NAVEGACIÓN,"5473.- Si una aeronave consume 14.7 galones de combustible por hora a una altitud de crucero de 7,500 pies y la velocidad con respecto al suelo es de 167 nudos, ¿Cuánto combustible se necesita para recorrer 560 NM?",50 galones.,53 galones.,57 galones.,A,DownloadBalotario (3).pdf,False
PREG202411060518,5474,NAVEGACIÓN,"5474.- Si el consumo de combustible es de 14.7 galones por hora y la velocidad con respecto al suelo es de 157 nudos, ¿Cuánto combustible se necesita para que la aeronave recorra 612 NM?",58 galones.,60 galones.,64 galones.,A,DownloadBalotario (3).pdf,False
PREG202411060519,5475,NAVEGACIÓN,5475 .- Con los siguientes datos determine la dirección y velocidad del viento. Curso verdadero 105° Rumbo verdadero 085° Velocidad verdadera (TAS) 95 nudos Velocidad con respecto al suelo 87 nudos,020° y 32 nudos.,030° y 38 nudos.,200° y 32 nudos.,A,DownloadBalotario (3).pdf,False
PREG202411060520,5476,NAVEGACIÓN,5476 .- Con los siguientes datos determine la dirección y velocidad del viento. Curso verdadero 345° Rumbo verdadero 355° Velocidad verdadera (TAS) 85 nudos. Velocidad con respecto al suelo 95 nudos. Determine la dirección y velocidad del viento:,095° y 19 nudos.,113° y 19 nudos.,238° y 18 nudos.,B,DownloadBalotario (3).pdf,False
PREG202411060521,5478,NAVEGACIÓN,"5478 .- Con los siguientes datos determine el tiempo en ruta y el consumo de combustible: Distancia fuera de curso 9 millas Distancia volada 95 millas Distancia por volar 125 millas Para dirigirse al destino, el ángulo total de corrección sería:",4°.,6°.,10°.,C,DownloadBalotario (3).pdf,False
PREG202411060522,5481,NAVEGACIÓN,5481 .- Con los siguientes datos determine el tiempo en ruta y el combustible consumido. Viento 175° a 20 nudos Distancia 135 NM Curso verdadero 075° Velocidad verdadera (TAS) 80 nudos Consumo de combustible 105 lb/h,1 hora 28 minutos y 73.2 libras.,1 hora 38 minutos y 158 libras.,1 hora 40 minutos y 175 libras.,C,DownloadBalotario (3).pdf,False
PREG202411060523,5488,NAVEGACIÓN,"5488 .- Una aeronave sale de un aeropuerto en las siguientes condiciones: Elevación del aeropuerto 1,000 pies Altitud de crucero 9,500 pies Velocidad de ascenso 500 ft/min Velocidad promedio real 135 nudos. Curso verdadero 215° . Velocidad promedio del viento 290° a 20 nudos. Variación 3° W Desviación - 2° Consumo promedio de combustible 13 gal/h Determine el tiempo aproximado, el rumbo de la brújula, la distancia y el combustible consumido durante el ascenso:","14 minutos, 234°, 26 NM, 3.9 galones.","17 minutos, 224°, 36 NM, 3.7 galones.","17 minutos, 242°, 31 NM, 3.5 galones.",B,DownloadBalotario (3).pdf,False
PREG202411060524,5489,NAVEGACIÓN,"5489 .- Una aeronave sale de un aeropuerto en las siguientes condiciones: Elevación del aeropuerto 1,500 pies Altitud de crucero 9,500 pies Velocidad de ascenso 500 ft/min Velocidad promedio real 160 nudos. Curso verdadero 145° . Velocidad promedio del viento 080° a 15 nudos. Variación 5° E Desviación - 3° Consumo medio de combustible 14 gal/h Determine el tiempo aproximado, el rumbo de la brújula, la distancia y el combustible consumido durante el ascenso:","14 minutos, 128°, 35 NM, 3.2 galones.","16 minutos, 132°, 41 NM, 3.7 galones.","16 minutos, 128°, 32 NM, 3.8 galones.",B,DownloadBalotario (3).pdf,False
PREG202411060525,5501,NAVEGACIÓN,"5501.- Para seguir el radial 180 en alejamiento de una estación VOR, el procedimiento recomendado es poner el OBS en:",360° y hacer correcciones de rumbo hacia la aguja del CDI.,180° y hacer correcciones de rumbo lejos de la aguja del CDI.,180° y hacer correcciones de rumbo hacia la aguja del CDI.,C,DownloadBalotario (3).pdf,False
PREG202411060526,5502,NAVEGACIÓN,"5502.- Para seguir el radial 215 en acercamiento de una estación VOR, el procedimiento recomendado es ajustar el OBS en:",215° y hacer correcciones de rumbo hacia la aguja del CDI.,215° y hacer correcciones de rumbo lejos de la aguja del CDI.,035° y hacer correcciones de rumbo hacia la aguja del CDI.,C,DownloadBalotario (3).pdf,False
PREG202411060527,5506,NAVEGACIÓN,"5506.- (Refiérase a la Figura 17). ¿Qué ilustración indica que la aeronave interceptará el radial 060 en un ángulo de 60° en dirección a la entrada, si se mantiene el rumbo actual?",6.,4.,5.,A,DownloadBalotario (3).pdf,True
PREG202411060528,5507,NAVEGACIÓN,"5507.- (Refiérase a la Figura 17). ¿Cual afirmación es cierta respecto a la ilustración 2, si se mantiene el rumbo actual? La aeronave:",cruza el radial 180 en un ángulo de 45° en alejamiento.,intercepta el radial 225 en un ángulo de 45°.,intercepta el radial 360 en un ángulo de 45° hacia adentro.,A,DownloadBalotario (3).pdf,True
PREG202411060529,5508,NAVEGACIÓN,"5508.- (Refiérase a la Figura 17). ¿Qué ilustración indica que la aeronave interceptará el radial 060 en un ángulo de 75° en alejamiento, si se mantiene el rumbo actual?",4.,5.,6.,B,DownloadBalotario (3).pdf,True
PREG202411060530,5509,NAVEGACIÓN,5509.- (Refiérase a la Figura 17). ¿Qué ilustración indica que la aeronave debe virar 150° a la izquierda para interceptar el radial 360 en un ángulo de 60° hacia adentro?,1.,2.,3.,A,DownloadBalotario (3).pdf,True
PREG202411060531,5510,NAVEGACIÓN,"5510.- (Refiérase a la Figura 17). ¿Cuál afirmación es correcta con respecto a la ilustración 4, si se mantiene el rumbo actual? La aeronave:",cruza el radial 060 en un ángulo de 15°.,intercepta el radial 240 en un ángulo de 30°.,cruza el radial 180 en un ángulo de 75°.,C,DownloadBalotario (3).pdf,True
PREG202411060532,5532,NAVEGACIÓN,"5532.- Al comprobar la sensibilidad del curso de un receptor VOR, ¿Cuántos grados debe girar el OBS para mover el CDI desde el centro hasta el último punto de cada lado?",5° a 10°.,10° a 12°.,18° a 20°.,B,DownloadBalotario (3).pdf,False
PREG202411060533,5533,NAVEGACIÓN,"5533.- Una aeronave a 60 millas de una estación VOR tiene una indicación del CDI de un quinto de desviación, esto corresponde a una desviación de la línea central del curso de aproximadamente:",6 millas.,2 millas.,1 milla.,B,DownloadBalotario (3).pdf,False
PREG202411060534,5551,NAVEGACIÓN,"5551.- ¿Cómo debe hacer el piloto la comprobación del receptor VOR, cuando la aeronave se encuentra en el punto de comprobación designado en la superficie del aeropuerto?",Ajuste el OBS en 180° más o menos 4°; el CDI debe centrarse con una indicación FROM.,Coloque el OBS en el radial designado. El CDI debe centrarse dentro de más o menos 4° de ese radial con una indicación FROM.,"Con la aeronave dirigida directamente hacia el VOR y el OBS ajustado a 000°, el CDI debe centrarse dentro de más o menos 4° de ese radial con una indicación de TO.",B,DownloadBalotario (3).pdf,False
PREG202411060535,5552,NAVEGACIÓN,"5552.- Cuando se utiliza el VOT para hacer una comprobación del receptor VOR, el CDI debe estar centrado y el OBS debe indicar que la aeronave está en el:",radial 090.,radial 180.,radial 360.,C,DownloadBalotario (3).pdf,False
PREG202411060536,5555,NAVEGACIÓN,"5555.- Para las operaciones IFR fuera de las aerovías establecidas, la parte de la ruta de vuelo de un plan de vuelo IFR debe enumerar las ayudas a la navegación VOR que no estén a más de:",a 40 millas de distancia.,a 70 millas de distancia.,a 80 millas de distancia.,C,DownloadBalotario (3).pdf,False
PREG202411060537,5990,NAVEGACIÓN,"5990.- A medida que la temperatura del aire aumenta, la altitud por densidad:",disminuye.,incrementa.,permanece igual.,B,DownloadBalotario (3).pdf,False
PREG202411060538,5999.1,NAVEGACIÓN,5999.1- ¿Qué procedimiento podría utilizar un piloto para navegar bajo VFR de un punto a otro cuando las referencias terrestres no son visibles?,Navegación a estima.,Navegación aérea observada.,La VFR no está permitida en estas circunstancias.,A,DownloadBalotario (3).pdf,False
PREG202411060433,5164,PERFORMANCE DE LA AERONAVE,"5164.- Un equipaje que pesa 90 libras se coloca en el compartimiento de equipaje de un avión de categoría normal que tiene un letrero que indica 100 libras de capacidad. Si este avión se somete a un factor de carga positivo de 3.5 Gs, la carga total del equipaje sería:",315 libras y excedería la limitante.,315 libras y no excedería la limitante.,350 libras y no excedería la limitante.,B,DownloadBalotario (4).pdf,False
PREG202411060434,5208,PERFORMANCE DE LA AERONAVE,"5208.- En aeropuertos de mayor altitud, el piloto debe saber que la velocidad indicada:","no cambiará, pero la velocidad respecto a tierra será mayor.","será mayor, pero la velocidad respecto a tierra no cambiará.",deberá aumentarse para compensar el aire más fino.,A,DownloadBalotario (4).pdf,False
PREG202411060435,5234,PERFORMANCE DE LA AERONAVE,5234.- Las tablas de rendimiento de una aeronave para despegue y ascenso se basan en:,altitud de presión / densidad.,altitud de la cabina.,altitud verdadera.,A,DownloadBalotario (4).pdf,False
PREG202411060436,5300,PERFORMANCE DE LA AERONAVE,"5300.- ¿Qué efecto, si lo hubiera, tendría un cambio en la temperatura ambiente o la densidad del aire en el rendimiento de un motor a reacción?","A medida que disminuye la densidad del aire, aumenta el empuje.","A medida que aumenta la temperatura, aumenta el empuje.","A medida que aumenta la temperatura, el empuje disminuye.",C,DownloadBalotario (4).pdf,False
PREG202411060437,5302,PERFORMANCE DE LA AERONAVE,"5302.- ¿Cuál es la temperatura estándar a 10,000 pies?",5° C.,15° C.,+5° C.,A,DownloadBalotario (4).pdf,False
PREG202411060438,5303,PERFORMANCE DE LA AERONAVE,5303.- ¿Cuál es la temperatura estándar a 20.000 pies?,-15°C.,-20°C.,-25°C.,C,DownloadBalotario (4).pdf,False
PREG202411060439,5305,PERFORMANCE DE LA AERONAVE,5305.- ¿Cuáles son los valores estándar de temperatura y presión a nivel del mar?,"15°C y 29,92"" Hg.","59°F y 1013.2"" Hg.",15°C y 29.92 Mb.,A,DownloadBalotario (4).pdf,False
PREG202411060440,5451,PERFORMANCE DE LA AERONAVE,"5451 .- Refiérase a la Figura 8 . DADO: Cantidad de combustible 47 gal Potencia de crucero (pobre) 55 por ciento Aproximadamente, ¿cuánto tiempo de vuelo estaría disponible con una reserva de combustible remanente para vuelo VFR nocturno?",3 horas 8 minutos.,3 horas 22 minutos.,3 horas 43 minutos.,B,DownloadBalotario (4).pdf,True
PREG202411060441,5452,PERFORMANCE DE LA AERONAVE,"5452 .- (Refiérase a la Figura 8 ). DADO: Cantidad de combustible 65 gal Mejor potencia (vuelo nivelado) 55 por ciento Aproximadamente, ¿cuánto tiempo de vuelo estaría disponible con reserva de combustible para vuelo VFR diurno?",4 horas 17 minutos.,4 horas 30 minutos.,5 horas 4 minutos.,B,DownloadBalotario (4).pdf,True
PREG202411060442,5453,PERFORMANCE DE LA AERONAVE,5453.- (Refiérase a la Figura 8). ¿Aproximadamente cuánto combustible se consumiría al ascender al 75% de potencia durante 7 minutos?,1.82 galones.,1.97 galones.,2.15 galones.,C,DownloadBalotario (4).pdf,True
PREG202411060443,5454,PERFORMANCE DE LA AERONAVE,5454.- (Refiérase a la Figura 8). Determine la cantidad de combustible consumido durante el despegue y ascenso al 70 por ciento de potencia durante 10 minutos.,2.66 galones.,2.88 galones.,3.2 galones.,B,DownloadBalotario (4).pdf,True
PREG202411060444,5455,PERFORMANCE DE LA AERONAVE,"5455.- (Refiérase a la Figura 8). Con 38 galones de combustible a bordo y potencia de crucero (55 por ciento), ¿cuánto tiempo de vuelo estaría disponible con reserva remanente de combustible para vuelo VFR nocturno?",2 horas 34 minutos.,2 horas 49 minutos.,3 horas 18 minutos.,A,DownloadBalotario (4).pdf,True
PREG202411060445,5456,PERFORMANCE DE LA AERONAVE,"5456 .- (Refiérase a la Figura 9 ). Utilizando un ascenso normal, ¿cuánto combustible se usaría desde el encendido del motor hasta una altitud de presión de 12,000 pies? Peso de la aeronave 3800 lb Altitud de presión del aeropuerto 4000 pies Temperatura 26 ° C",46 libras.,51 libras.,58 libras.,C,DownloadBalotario (4).pdf,True
PREG202411060446,5457,PERFORMANCE DE LA AERONAVE,"5457 .- (Refiérase a la Figura 9 ). Usando un ascenso normal, ¿cuánto combustible se consumiría desde el encendido del motor hasta una altitud de presión de 10,000 pies? Peso de la aeronave 3500 lb Altitud de presión del aeropuerto 4000 pies Temperatura 21° C",23 libras.,31 libras.,35 libras.,C,DownloadBalotario (4).pdf,True
PREG202411060447,5458,PERFORMANCE DE LA AERONAVE,"5458 .- (Refiérase a la Figura 10 ). Usando una velocidad máxima de ascenso, ¿cuánto combustible se consumiría desde el encendido del motor hasta una altitud de presión de 6,000 pies? Peso de la aeronave 3200 lb Altitud de presión del aeropuerto 2000 pies Temperatura 27° C",10 libras.,14 libras.,24 libras.,C,DownloadBalotario (4).pdf,True
PREG202411060448,5459,PERFORMANCE DE LA AERONAVE,"5459 .- (Refiérase a la Figura 10 ). Usando una velocidad máxima de ascenso, ¿cuánto combustible se consumiría desde el encendido del motor hasta una altitud de presión de 10,000 pies? Peso de la aeronave 3800 lb Altitud de presión del aeropuerto 4000 pies Temperatura 30° C",28 libras.,35 libras.,40 libras.,C,DownloadBalotario (4).pdf,True
PREG202411060449,5460,PERFORMANCE DE LA AERONAVE,"5460.- (Refiérase a la Figura 11). Si la altitud de crucero es de 7500 pies, utilizando un 64 por ciento de potencia a 2500 RPM, ¿cuál sería el alcance con 48 galones de combustible utilizables?",635 millas.,645 millas.,810 millas.,C,DownloadBalotario (4).pdf,True
PREG202411060450,5461,PERFORMANCE DE LA AERONAVE,"5461.- (Refiérase a la Figura 11). ¿Cuál sería la autonomía a una altitud de 7500 pies, usando el 52 por ciento de potencia? NOTA: (Con 48 galones de combustible, sin reserva).",6.10 horas.,7.7 horas.,8.0 horas.,B,DownloadBalotario (4).pdf,True
PREG202411060451,5462,PERFORMANCE DE LA AERONAVE,"5462.- (Refiérase a la Figura 11). ¿Cuál sería la velocidad verdadera aproximada y el consumo de combustible por hora a una altitud de 7500 pies, usando el 52 por ciento de potencia?","103 MPH TAS, 6.3 GPH.","105 MPH TAS, 6.2 GPH.","105 MPH TAS, 6.6 GPH.",B,DownloadBalotario (4).pdf,True
PREG202411060452,5463,PERFORMANCE DE LA AERONAVE,"5463 .- (Refiérase a la Figura 12 ). DADO: Altitud de presión 18.000 pies Temperatura - 21 °C Potencia 2,400 RPM - 28 '' MP Combustible utilizable con ajuste recomendado de mezcla pobre - 425 lb ¿Cuál es el tiempo de vuelo aproximado disponible en las condiciones dadas? (Tenga en cuenta la reserva de combustible para vuelo VFR diurno).",3 horas 46 minutos.,4 horas 1 minutos.,4 horas 31 minutos.,B,DownloadBalotario (4).pdf,True
PREG202411060453,5464,PERFORMANCE DE LA AERONAVE,5464 .- (Refiérase a la Figura 12 .) DADO: Altitud de presión 18.000 pies Temperatura - 41° C Potencia 2500 RPM - 26 '' MP Combustible utilizable con ajuste recomendado de mezcla pobre - 318 lb ¿Cuál es el tiempo de vuelo aproximado disponible en las condiciones dadas? (Tenga en cuenta la reserva de combustible para vuelo VFR nocturno).,2 horas 27 minutos.,3 horas 12 minutos.,3 horas 42 minutos.,A,DownloadBalotario (4).pdf,True
PREG202411060454,5465,PERFORMANCE DE LA AERONAVE,"5465 .- (Refiérase a la Figura 12 .) DADO: Altitud de presión 18,000 pies Temperatura - 1° C Potencia 2,200 RPM - 20 '' MP Combustible utilizable con ajuste recomendado de mezcla pobre - 344 lb ¿Cuál es el tiempo de vuelo aproximado disponible en las condiciones dadas? (Tenga en cuenta la reserva de combustible para vuelo VFR diurno).",4 horas 50 minutos.,5 horas 20 minutos.,5 horas 59 minutos.,C,DownloadBalotario (4).pdf,True
PREG202411060455,5482,PERFORMANCE DE LA AERONAVE,"5482 .- (Refiérase a la Figura 13 ). DADO: Peso de la aeronave 3.400 lb Altitud de presión del aeropuerto 6000 pies Temperatura a 6.000 pies 10° C Usando una velocidad máxima de ascenso en las condiciones dadas, ¿cuánto combustible se consumiría desde el encendido del motor hasta una altitud de presión de 16,000 pies?",43 libras.,45 libras.,49 libras.,A,DownloadBalotario (4).pdf,True
PREG202411060456,5483,PERFORMANCE DE LA AERONAVE,"5483 .- (Refiérase a la Figura 13 ). DADO: Peso de la aeronave 4000 lb Altitud de presión del aeropuerto 2000 pies Temperatura a 2000 pies 32 ° C Utilizando una velocidad máxima de ascenso en las condiciones dadas, ¿cuánto tiempo se necesitaría para ascender a una altitud de presión de 8.000 pies?",7 minutos.,8.4 minutos.,11.2 minutos.,B,DownloadBalotario (4).pdf,True
PREG202411060457,5484,PERFORMANCE DE LA AERONAVE,"5484 .- (Refiérase a la Figura 14 ). DADO: Peso de la aeronave 3.700 lb Altitud de presión del aeropuerto 4000 pies Temperatura a 4000 pies 21° C Usando un ascenso normal en las condiciones dadas, ¿cuánto combustible se consumiría desde el encendido del motor hasta una altitud de presión de 12,000 pies?",30 libras.,37 libras.,46 libras.,C,DownloadBalotario (4).pdf,True
PREG202411060458,5485,PERFORMANCE DE LA AERONAVE,"5485 .- (Refiérase a la Figura 14 ). DADO: Peso de la aeronave 3.400 lb Altitud de presión del aeropuerto 4000 pies Temperatura a 4000 pies 14° C Usando un ascenso normal en las condiciones dadas, ¿cuánto tiempo se necesitaría para ascender a una altitud de presión de 8.000 pies?","4,8 minutos.",5 minutos.,5.5 minutos.,C,DownloadBalotario (4).pdf,True
PREG202411060459,5486,PERFORMANCE DE LA AERONAVE,5486 .- (Refiérase a la Figura 15 ). DADO: Altitud de presión del aeropuerto 4000 pies Temperatura del aeropuerto 12° C Altitud de presión de crucero 9.000 pies Temperatura de crucero - 4° C ¿Cuál será la distancia necesaria para ascender a la altitud de crucero en las condiciones dadas?,6 millas.,8.5 millas.,11 millas.,B,DownloadBalotario (4).pdf,True
PREG202411060460,5487,PERFORMANCE DE LA AERONAVE,"5487 .- (Refiérase a la Figura 15 ). DADO: Altitud de presión del aeropuerto 2000 pies Temperatura del aeropuerto 20° C Altitud de presión de crucero 10,000 pies Temperatura de crucero 0° C ¿Cuál será el combustible, el tiempo y la distancia necesarios para ascender a la altitud de crucero en las condiciones dadas?","5 galones, 9 minutos, 13 NM.","6 galones, 11 minutos, 16 NM.","7 galones, 12 minutos, 18 NM.",A,DownloadBalotario (4).pdf,True
PREG202411060461,5503,PERFORMANCE DE LA AERONAVE,"5503.- Cuando se desvía a un aeropuerto alterno debido a una emergencia, los pilotos deben:",depender de la radio como método principal de navegación.,ascender a una altitud mayor porque será más fácil identificar los puntos de la ruta.,"aplicar cálculos básicos, estimaciones y otros atajos apropiados para desviarse al nuevo curso lo antes posible.",C,DownloadBalotario (4).pdf,False
PREG202411060462,5537,PERFORMANCE DE LA AERONAVE,5537.- (Refiérase a la Figura 3A.) ¿Cuál es la distancia de planeo aproximada si está volando a 5.500 pies?,10NM.,8NM.,6NM.,B,DownloadBalotario (4).pdf,True
PREG202411060463,5538,PERFORMANCE DE LA AERONAVE,"5538.- (Refiérase a la Figura 3A). ¿Cuál es la distancia de planeo aproximada si está volando a 8,000 pies?",12 NM.,10 NM.,14 NM.,A,DownloadBalotario (4).pdf,True
PREG202411060464,5614,PERFORMANCE DE LA AERONAVE,5614.- ¿Qué efecto tiene una pendiente positiva de pista en el rendimiento del despegue?,Aumenta la velocidad de despegue.,Aumenta la distancia de despegue.,Disminuye la distancia de despegue.,B,DownloadBalotario (4).pdf,False
PREG202411060465,5614.1,PERFORMANCE DE LA AERONAVE,"5614.1.- Al iniciar un sobrepaso, el piloto debe tener en cuenta que:",las comunicaciones por radio son clave para alertar a otras aeronaves en el circuito de que se está realizando una maniobra de sobrepaso.,el avión está compensado para una condición potencia reducida y la aplicación de potencia de despegue hará que la nariz suba rápidamente.,los flaps deben elevarse lo más rápido posible para reducir la resistencia y aumentar la velocidad para efectuar el sobrepaso adecuadamente.,B,DownloadBalotario (4).pdf,False
PREG202411060466,5615,PERFORMANCE DE LA AERONAVE,"5615.- (Refiérase a la Figura 31). Se está utilizando la pista 30 para el aterrizaje. ¿Qué viento de superficie excedería la limitante de viento cruzado del avión de 0.2 VSO, si VSO es de 60 nudos?",260° a 20 nudos.,275° a 25 nudos.,315° a 35 nudos.,A,DownloadBalotario (4).pdf,True
PREG202411060467,5616,PERFORMANCE DE LA AERONAVE,"5616.- (Refiérase a la Figura 31). Si el viento en la superficie informado por la torre es de 010 ° a 18 nudos, ¿cuál es la componente de viento cruzado para un aterrizaje por la pista 08?",7 nudos.,15 nudos.,17 nudos.,C,DownloadBalotario (4).pdf,True
PREG202411060468,5617,PERFORMANCE DE LA AERONAVE,5617.- (Refiérase a la Figura 31). El viento en la superficie es de 180° a 25 nudos. ¿Cuál es la componente de viento cruzado para un aterrizaje por la pista 13?,19 nudos.,21 nudos.,23 nudos.,A,DownloadBalotario (4).pdf,True
PREG202411060469,5618,PERFORMANCE DE LA AERONAVE,5618.- (Refiérase a la Figura 31). ¿Cuál es el componente de viento de frente para un despegue por la pista 13 si el viento en la superficie es de 190° a 15 nudos?,7 nudos.,13 nudos.,15 nudos.,A,DownloadBalotario (4).pdf,True
PREG202411060470,5619,PERFORMANCE DE LA AERONAVE,"5619 .- (Refiérase a la Figura 32 ). DADO: Temperatura 75 ° F Altitud de presión 6000 pies Peso 2,900 lb Viento de frente 20 nudos Para despegar con seguridad sobre un obstáculo de 50 pies en 1,000 pies, ¿qué tanto peso tendría que reducirse?",50 libras.,100 libras.,300 libras.,C,DownloadBalotario (4).pdf,True
PREG202411060471,5620,PERFORMANCE DE LA AERONAVE,"5620 .- (Refiérase a la Figura 32 ). DADO: Temperatura 50 ° F Altitud de presión 2,000 pies Peso 2,700 lb Viento en calma ¿Cuál es la distancia total de despegue sobre un obstáculo de 50 pies?",800 pies.,650 pies.,1050 pies.,A,DownloadBalotario (4).pdf,True
PREG202411060472,5621,PERFORMANCE DE LA AERONAVE,"5621 .- (Refiérase a la Figura 32 ). DADO: Temperatura 100° F Altitud de presión 4000 pies Peso 3,200 lb Viento en calma ¿Qué distancia en tierra es requerida para despegar sobre un obstáculo de 50 pies?",1180 pies.,1350 pies.,1850 pies.,B,DownloadBalotario (4).pdf,True
PREG202411060473,5622,PERFORMANCE DE LA AERONAVE,"5622 .- (Refiérase a la Figura 32 ). DADO: Temperatura 30 ° F Altitud de presión 6000 pies Peso 3,300 lb Viento de frente de 20 nudos ¿Cuál es la distancia total de despegue sobre un obstáculo de 50 pies?",1100 pies.,1300 pies.,1500 pies.,C,DownloadBalotario (4).pdf,True
PREG202411060474,5623,PERFORMANCE DE LA AERONAVE,"5623 .- (Refiérase a la Figura 33 ). DADO: Peso 4.000 lb Altitud de presión 5,000 pies Temperatura 30° C ¿Cuál es el máximo régimen de ascenso para las condiciones dadas?",655 pies / min.,702 pies / min.,774 pies / min.,B,DownloadBalotario (4).pdf,True
PREG202411060475,5624,PERFORMANCE DE LA AERONAVE,5624 .- (Refiérase a la Figura 33 ). DADO: Peso 3.700 lb Altitud de presión 22.000 pies Temperatura - 10° C ¿Cuál es el máximo régimen de ascenso en las condiciones dadas?,305 pies / min.,320 pies / min.,384 pies / min.,C,DownloadBalotario (4).pdf,True
PREG202411060476,5625,PERFORMANCE DE LA AERONAVE,"5625 .- (Refiérase a la Figura 34 ). DADO: Altitud de presión 6000 pies Temperatura + 3° C Potencia 2,200 RPM - 22 "" MP Combustible utilizable disponible 465 lb ¿Cuál es el tiempo máximo de vuelo disponible para las condiciones indicadas?",6 horas 27 minutos.,6 horas 39 minutos.,6 horas 56 minutos.,B,DownloadBalotario (4).pdf,True
PREG202411060477,5626,PERFORMANCE DE LA AERONAVE,"5626 .- (Refiérase a la Figura 34 ). DADO: Altitud de presión 6000 pies Temperatura - 17° C Potencia 2,300 RPM - 23 '' MP Combustible utilizable disponible 370 lb ¿Cuál es el tiempo máximo de vuelo disponible para las condiciones indicadas?",4 horas 20 minutos.,4 horas 30 minutos.,4 horas 50 minutos.,B,DownloadBalotario (4).pdf,True
PREG202411060478,5627,PERFORMANCE DE LA AERONAVE,"5627 .- (Refiérase a la Figura 34 ). DADO: Altitud de presión 6000 pies Temperatura + 13° C Potencia 2,500 RPM - 23 '' MP Combustible utilizable disponible 460 lb ¿Cuál es el tiempo máximo de vuelo disponible en las condiciones indicadas?",4 horas 58 minutos.,5 horas 7 minutos.,5 horas 12 minutos.,C,DownloadBalotario (4).pdf,True
PREG202411060479,5628,PERFORMANCE DE LA AERONAVE,"5628 .- (Refiérase a la Figura 35 ). DADO: Temperatura 70° F Altitud de presión nivel del mar Peso 3,400 lb Viento de frente 16 nudos Determine la distancia requerida para el recorrido en tierra.",689 pies.,716 pies.,"1,275 pies.",A,DownloadBalotario (4).pdf,True
PREG202411060480,5629,PERFORMANCE DE LA AERONAVE,"5629 .- (Refiérase a la Figura 35 ). DADO: Temperatura 85° F Altitud de presión 6,000 pies Peso 2,800 lb Viento de frente 14 nudos Determine la distancia requerida para el recorrido en tierra.",742 pies.,"1,280 pies.","1,480 pies.",A,DownloadBalotario (4).pdf,True
PREG202411060481,5630,PERFORMANCE DE LA AERONAVE,"5630 .- (Refiérase a la Figura 35 ). DADO: Temperatura 50° F Altitud de presión nivel del mar Peso 3,000 lb Viento de frente 10 nudos Determine la distancia requerida para el recorrido en tierra.",425 pies.,636 pies.,836 pies.,B,DownloadBalotario (4).pdf,True
PREG202411060482,5631,PERFORMANCE DE LA AERONAVE,"5631 .- (Refiérase a la Figura 35 ). DADO: Temperatura 80° F Altitud de presión 4,000 pies Peso 2,800 lb Viento de frente 24 nudos ¿Cuál es la distancia total de aterrizaje sobre un obstáculo de 50 pies?","1,125 pies.","1,250 pies.","1,325 pies.",A,DownloadBalotario (4).pdf,True
PREG202411060483,5632,PERFORMANCE DE LA AERONAVE,"5632.- En los cálculos de peso y balance, el peso básico vacío incluye el peso de la estructura del avión, los motores y todo el equipo opcional instalado. El peso básico vacío también incluye:","el combustible no utilizable, los fluidos requeridos para el funcionamiento de la aeronave y todo el aceite.","todo el combustible utilizable, aceite, fluido hidráulico, pero no incluye el peso del piloto, los pasajeros ni el equipaje.","todo combustible y aceite utilizable, pero no incluye ningún equipo o instrumento de radio que haya sido instalado por alguien que no sea el fabricante.",A,DownloadBalotario (4).pdf,False
PREG202411060484,5633,PERFORMANCE DE LA AERONAVE,"5633.- Si todas las unidades de índice son positivas al realizar los cálculos de peso y balance, el datum estaría ubicado en:",la línea central de las ruedas principales.,la nariz o delante del avión.,"la línea central de la rueda de nariz o la rueda de cola, según el tipo de avión.",B,DownloadBalotario (4).pdf,False
PREG202411060485,5634,PERFORMANCE DE LA AERONAVE,5634.- ¿Con cuál de los siguientes métodos se puede determinar el CG de una aeronave?,Dividiendo los brazos totales por los momentos totales.,Multiplicar el total de brazos por el peso total.,División de momentos totales por peso total.,C,DownloadBalotario (4).pdf,False
PREG202411060486,5636,PERFORMANCE DE LA AERONAVE,"5636 .- DADO: Peso A: 155 libras a 45 pulgadas después del datum Peso B: 165 libras a 145 pulgadas después del datum Peso C: 95 libras a 185 pulgadas después del datum Con base en esta información, ¿dónde se ubicaría el CG con respecto al datum?",86.0 pulgadas.,116.8 pulgadas.,125.0 pulgadas.,B,DownloadBalotario (4).pdf,False
PREG202411060487,5637,PERFORMANCE DE LA AERONAVE,"5637 .- DADO: Peso A: 140 libras a 17 pulgadas después del datum Peso B: 120 libras a 110 pulgadas después del datum Peso C: 85 libras a 210 pulgadas después del datum Con base en esta información, el CG se ubicaría ¿a qué distancia del datum?",89.11 pulgadas.,96.89 pulgadas.,106.92 pulgadas.,B,DownloadBalotario (4).pdf,False
PREG202411060488,5638,PERFORMANCE DE LA AERONAVE,"5638 .- DADO: Peso A: 135 libras a 15 pulgadas después del datum Peso B: 205 libras a 117 pulgadas después del datum Peso C: 85 libras a 195 pulgadas después del datum Con base en esta información, el CG se ubicaría ¿a qué distancia del datum?",100.2 pulgadas.,109 pulgadas.,121.7 pulgadas.,A,DownloadBalotario (4).pdf,False
PREG202411060489,5639,PERFORMANCE DE LA AERONAVE,5639 .- DADO: Peso A: 175 libras a 135 pulgadas después del datum Peso B: 135 libras a 115 pulgadas después del datum Peso C: 75 libras a 85 pulgadas después del datum ¿A qué distancia del datum estaría el CG correspondiente a la sumatoria de estos pesos?,91.76 pulgadas.,111.67 pulgadas.,118.24 pulgadas.,C,DownloadBalotario (4).pdf,False
PREG202411060490,5646,PERFORMANCE DE LA AERONAVE,"5646 .- DADO: Peso total 4,137 lb Posición del CG 67.8 pulgadas Consumo de combustible 13.7 GPH Posición del CG del combustible 68.0 Después de 1 hora y 30 minutos de vuelo, el CG se ubicaría en la estación",67.79,68.79,70.78,A,DownloadBalotario (4).pdf,False
PREG202411060491,5647,PERFORMANCE DE LA AERONAVE,"5647.- Una aeronave se carga con un peso de rampa de 3,650 libras y tiene un CG de 94.0, aproximadamente cuánto equipaje tendría que moverse desde el área de equipaje trasera en la estación 180 al área de equipaje delantera en la estación 40 para mover el CG a 92.0?",52.14 libras.,62.24 libras.,78.14 libras.,A,DownloadBalotario (4).pdf,False
PREG202411060492,5648,PERFORMANCE DE LA AERONAVE,"5648.- Un avión se carga con un peso bruto de 4,800 libras, con tres piezas de equipaje en el compartimiento de equipaje trasero. El CG se encuentra a 98 pulgadas después del datum, lo que indica que está 1 pulgada por fuera del límite trasero. Si el equipaje que pesa 90 libras se mueve desde el compartimiento de equipaje trasero (145 pulgadas después del datum) al compartimiento delantero (45 pulgadas después del datum), ¿cuál es el nuevo CG?",96.13 pulgadas después del datum.,95.50 pulgadas después del datum.,99.87 pulgadas después del datum.,A,DownloadBalotario (4).pdf,False
PREG202411060493,5649,PERFORMANCE DE LA AERONAVE,"5649 .- DADO: Peso total 3,037 lb Posición del CG 68.8 Consumo de combustible 12.7 GPH Posición del CG del combustible 68.0 Después de 1 hora y 45 minutos de vuelo, ¿en qué estación estaría el CG?",68.77.,68.83.,69.77.,B,DownloadBalotario (4).pdf,False
PREG202411060494,5650,PERFORMANCE DE LA AERONAVE,"5650 .- (Refiérase a la Figura 38 ). DADO: Peso vacío (incluye aceite) 1,271 lb Momento de peso vacío (in-lb / 1,000 ) 102.04 Piloto y copiloto 400 lb Pasajero en el asiento trasero 140 lb Carga 100 lb Combustible 37 gal ¿Está el avión cargado dentro de los límites?","Sí, el peso y el CG están dentro de los límites.","No, el peso supera el máximo permitido.","No, el peso es aceptable, pero el CG está por fuera del límite trasero.",A,DownloadBalotario (4).pdf,True
PREG202411060495,5651,PERFORMANCE DE LA AERONAVE,"5651 .- (Refiérase a la Figura 38 ). DADO: Peso vacío (incluye aceite) 1,271 lb Momento de peso vacío (in-lb/ 1,000 ) 102.04 Piloto y copiloto 260 lb Pasajero en el asiento trasero 120 lb Carga 60 lb Combustible 37 gal En estas condiciones, se determina que el CG se encuentra:",dentro de la envolvente del CG.,en el límite delantero de la envolvente del CG.,dentro del área sombreada de la envolvente del CG.,A,DownloadBalotario (4).pdf,True
PREG202411060496,5652,PERFORMANCE DE LA AERONAVE,"5652 .- (Refiérase a la Figura 38 ). DADO: Peso vacío (incluye aceite) 1,271 lb Momento de peso vacío (in-lb / 1,000 ) 102.04 Piloto y copiloto 360 lb Carga 340 lb Combustible 37 gal ¿Se mantendrá el CG dentro de los límites después de que se hayan consumido 30 galones de combustible en vuelo?","Sí, el GC se mantendrá dentro de los límites.","No, el CG se ubicará detrás del límite trasero del CG.","Sí, pero el CG se ubicará en el área sombreada de la envolvente del CG.",A,DownloadBalotario (4).pdf,True
PREG202411060497,5661,PERFORMANCE DE LA AERONAVE,"5661.- Con respecto a la técnica requerida para una corrección de viento cruzado en el despegue, un piloto debe usar:",presión de los alerones de cara al viento e iniciar la rotación a una velocidad normal tanto aviones con patín de cola y los de tren triciclo.,"presión del timón de dirección a la derecha, presión de los alerones de cara al viento y una velocidad de rotación superior a la normal tanto en aviones con tren triciclo como en los de tren convencional.","timón de dirección según sea necesario para mantener el control direccional, presión de los alerones de cara al viento y una velocidad de despegue superior a la normal en los aviones de tren convencional y tren triciclo.",C,DownloadBalotario (4).pdf,False
PREG202411060498,5662,PERFORMANCE DE LA AERONAVE,"5662.- Cuando se encuentran turbulencias durante la aproximación para el aterrizaje, ¿qué acción se recomienda y por qué motivo principal?",Aumente la velocidad ligeramente por encima de la velocidad de aproximación normal para lograr un control más positivo.,Disminuya la velocidad ligeramente por debajo de la velocidad de aproximación normal para evitar sobrecargar el avión.,Aumente la velocidad ligeramente por encima de la velocidad de aproximación normal para penetrar la turbulencia lo más rápido posible.,A,DownloadBalotario (4).pdf,False
PREG202411060499,5663,PERFORMANCE DE LA AERONAVE,"5663.- Si experimenta una falla de motor en un avión monomotor después del despegue, debe:",establecer la actitud de planeo adecuada.,virar para enfrentar el viento,ajustar el cabeceo para mantener VY.,A,DownloadBalotario (4).pdf,False
PREG202411060500,5664,PERFORMANCE DE LA AERONAVE,5664.- ¿Qué tipo de aproximación y aterrizaje se recomienda en condiciones de ráfagas de viento?,Aproximación con potencia y aterrizaje con potencia.,Aproximación sin potencia y aterrizaje con potencia.,Aproximación con potencia y aterrizaje sin potencia.,A,DownloadBalotario (4).pdf,False
PREG202411060501,5665,PERFORMANCE DE LA AERONAVE,"5665.- Un aterrizaje adecuado con viento cruzado en una pista requiere que, en el momento del aterrizaje:",la dirección de desplazamiento del avión y su eje lateral estén perpendicular a la pista.,la dirección de desplazamiento del avión y su eje longitudinal estén paralelos a la pista.,el ala a favor del viento debe bajarse lo suficiente para eliminar la tendencia del avión a derrapar.,B,DownloadBalotario (4).pdf,False
PREG202411060502,5997,PERFORMANCE DE LA AERONAVE,"5997 .- (Consulte la Figura 32 ). Determine la longitud aproximada de la pista requerida para el despegue. Dado: Temperatura = 40° F Altitud de presión = 4000 pies Peso = 3,200 libras Viento de frente = 15 nudos","1,300 pies.",850 pies.,950 pies.,A,DownloadBalotario (4).pdf,True
PREG202411060226,5139,PROCEDIMIENTOS Y OPERACIONES DE AERÓDROMO,5139.- ¿Cuándo deben los pilotos rechazar una autorización de aterrizaje y espera corta (LAHSO)?,Cuándo comprometerá la seguridad operacional.,Si la superficie de la pista está contaminada.,Solo cuando el controlador de la torre está de acuerdo.,A,DownloadBalotario (5).pdf,False
PREG202411060227,5139.1,PROCEDIMIENTOS Y OPERACIONES DE AERÓDROMO,5139.1.- Una autorización de aterrizaje y espera corta (LAHSO):,excluye un ³ go around ´ por el ATC.,no excluye un aterrizaje rechazado.,requiere una salida de pista en la primera calle de rodaje.,B,DownloadBalotario (5).pdf,False
PREG202411060228,5140,PROCEDIMIENTOS Y OPERACIONES DE AERÓDROMO,5140.- Cuál es la visibilidad mínima y el techo requeridos para que un piloto reciba una autorización de:,"3 millas terrestres y 1,000 pies.","3 millas náuticas y 1,000 pies.","3 millas terrestres y 1,500 pies.",A,DownloadBalotario (5).pdf,False
PREG202411060229,5145,PROCEDIMIENTOS Y OPERACIONES DE AERÓDROMO,"5145.- (Refiérase a la Figura 60). El signo ""1"" es una indicación:",de un área donde los aviones están prohibidos.,que la calle de rodaje no continúa.,de la dirección general de rodaje a una calle de rodaje.,B,DownloadBalotario (5).pdf,True
PREG202411060230,5272,PROCEDIMIENTOS Y OPERACIONES DE AERÓDROMO,5272.- ¿Cómo puede determinar si otra aeronave está en de colisión con su aeronave?,La nariz de cada avión apunta al mismo punto en el espacio.,El otro avión siempre parecerá volverse más grande y cercano a un ritmo rápido.,No habrá ningún movimiento relativo aparente entre su avión y el otro avión.,C,DownloadBalotario (5).pdf,False
PREG202411060231,5490,PROCEDIMIENTOS Y OPERACIONES DE AERÓDROMO,"5490.- Para operaciones de vuelo nocturno, la mejor visión nocturna se logra cuando:",las pupilas de los ojos se han dilatado en aproximadamente 10 minutos.,las varillas de los ojos se han adaptado a la oscuridad en aproximadamente 30 minutos.,los conos de los ojos se han adaptado a la oscuridad en aproximadamente 5 minutos.,B,DownloadBalotario (5).pdf,False
PREG202411060232,5491.2,PROCEDIMIENTOS Y OPERACIONES DE AERÓDROMO,"5491.2.- Al planificar un vuelo, el piloto debe verificar la disponibilidad y el estado de:",todos los VOR que se utilizarán en ruta.,balizas luminosas aeropuerto.,sistema de iluminación para el aeropuerto destino.,C,DownloadBalotario (5).pdf,False
PREG202411060233,5493,PROCEDIMIENTOS Y OPERACIONES DE AERÓDROMO,"5493.- Después de experimentar una falla en la central eléctrica por la noche, una de las principales consideraciones debe incluir:",apagar todos los interruptores eléctricos para ahorrar energía de la batería para el aterrizaje.,maniobrar y aterrizar en una carretera o camino iluminado.,planificar la aproximación de emergencia y el aterrizaje en una parte no iluminada de un área.,C,DownloadBalotario (5).pdf,False
PREG202411060234,5494,PROCEDIMIENTOS Y OPERACIONES DE AERÓDROMO,"5494.- Al planificar un aterrizaje de emergencia por la noche, una de las principales consideraciones debe incluir:",aterrizaje sin superficies sustentadoras para asegurar una actitud de aterrizaje de nariz el momento del aterrizaje.,apagar todos los interruptores eléctricos para ahorrar energía de la batería para el aterrizaje.,"seleccionar un área de aterrizaje cerca del acceso público, si es posible.",C,DownloadBalotario (5).pdf,False
PREG202411060235,5564,PROCEDIMIENTOS Y OPERACIONES DE AERÓDROMO,5564.- ¿Cuál de las siguientes afirmaciones es cierta sobre los colores azul y magenta que se utilizan para representar los aeropuertos en las cartas aeronáuticas seccionales?,"Los aeropuertos con torres de control bajo espacio aéreo de Clase A, B y C se muestran en azul, el espacio aéreo de Clase D y E en magenta.","Los aeropuertos con torres de control bajo espacio aéreo de Clase C, D y E se muestran en magenta.","Los aeropuertos con torres de control bajo espacio aéreo de Clase B, C, D y E se muestran en azul.",C,DownloadBalotario (5).pdf,False
PREG202411060236,5565,PROCEDIMIENTOS Y OPERACIONES DE AERÓDROMO,"5565.- (Refiérase la Figura 52, punto 1). El piso del espacio aéreo Clase E sobre el aeropuerto de Georgetown (Q61) está en:",la superficie.,700 pies AGL.,"3,823 pies MSL.",C,DownloadBalotario (5).pdf,True
PREG202411060237,5566,PROCEDIMIENTOS Y OPERACIONES DE AERÓDROMO,"5566.- (Refiérase a la Figura 52, punto 7). El piso del espacio aéreo Clase E sobre la ciudad de Woodland es:",700 pies AGL sobre parte de la ciudad y sin piso sobre el resto.,1200 pies AGL sobre parte de la ciudad y sin piso sobre el resto.,ambos 700 pies y 1200 pies AGL.,C,DownloadBalotario (5).pdf,True
PREG202411060238,5567,PROCEDIMIENTOS Y OPERACIONES DE AERÓDROMO,"5567.- (Refiérase a la Figura 52, punto 5.) El piso del espacio aéreo Clase E sobre el Aeropuerto Universitario (005) es:",la superficie.,700 pies AGL.,"1,200 pies AGL.",B,DownloadBalotario (5).pdf,True
PREG202411060239,5570,PROCEDIMIENTOS Y OPERACIONES DE AERÓDROMO,"5570.- (Refiérase a la Figura 53, punto 2.) El 1 ^ 6 indica: Verificar en el libro se refiere a 16:",la parte superior de una antena a 1.600 pies AGL.,la cifra de elevación máxima para ese cuadrilátero.,la altitud mínima segura del sector para ese cuadrilátero.,B,DownloadBalotario (5).pdf,True
PREG202411060240,5575,PROCEDIMIENTOS Y OPERACIONES DE AERÓDROMO,5575.- Un área de alerta es un área en la cual:,"el vuelo de la aeronave, aunque no está prohibido, está sujeto a restricciones.",el vuelo de aeronaves está prohibido.,"existe un gran volumen de actividades de formación de pilotos o un tipo inusual de actividad aérea, ninguno de los cuales es peligroso para la aeronave.",C,DownloadBalotario (5).pdf,False
PREG202411060241,5575.1,PROCEDIMIENTOS Y OPERACIONES DE AERÓDROMO,5575.1.- ¿Qué debe hacer o tener en cuenta un piloto al realizar la transición de un área de alerta?,Todos los pilotos deben comunicarse con la agencia de control para asegurar la separación de las aeronaves.,Las aeronaves no participantes pueden transitar por el área siempre y cuando operen de acuerdo con su autorización.,"Siempre que operen, tener en cuenta que el área puede contener una actividad aeronáutica inusual o un alto volumen de entrenamiento de pilotos.",C,DownloadBalotario (5).pdf,False
PREG202411060242,5581,PROCEDIMIENTOS Y OPERACIONES DE AERÓDROMO,"5581.- (Refiérase a la Figura 52, punto 4). ¿A qué altura del suelo está la obstrucción dentro de las 10 NM más cercana al Aeropuerto Regional de Lincoln (LHM)?","1,245 PIES.",662 PIES.,296 PIES.,C,DownloadBalotario (5).pdf,True
PREG202411060243,5581.1,PROCEDIMIENTOS Y OPERACIONES DE AERÓDROMO,"5581.1.- (Refiérase la Figura 52, área 6.) ¿Cuál es el propósito de la estrella que sigue a la CT-120.65 en el cuadro de información del Aeropuerto de Sacramento Mather (MHR)?",Significa que la torre de control tiene un horario de funcionamiento limitado.,El aeropuerto cuenta con instalaciones de mantenimiento.,Hay una baliza giratoria en el campo.,A,DownloadBalotario (5).pdf,True
PREG202411060244,5583,PROCEDIMIENTOS Y OPERACIONES DE AERÓDROMO,"5583.- (Refiérase a la Figura 52, punto 6). El aeropuerto de Van Vleck es:",un aeropuerto restringido al uso de pilotos privados y recreativos.,un campo de escenario militar restringido dentro del espacio aéreo restringido.,un aeropuerto de uso no público.,C,DownloadBalotario (5).pdf,True
PREG202411060245,5656.1,PROCEDIMIENTOS Y OPERACIONES DE AERÓDROMO,5656.1.- ¿Cuándo deben los pilotos rechazar una autorización de aterrizaje y espera corta (LAHSO)?,Solo cuando el controlador de la torre esté de acuerdo.,Si la superficie de la pista está contaminada.,Cuando compromete la seguridad operacional.,C,DownloadBalotario (5).pdf,False
PREG202411060246,5656.2,PROCEDIMIENTOS Y OPERACIONES DE AERÓDROMO,5656.2.- ¿Cuál es la visibilidad mínima y el techo requeridos para que un piloto reciba una autorización de aterrizaje y espera corta (LAHSO)?,"3 millas terrestres y 1,500 pies.","3 millas náuticas y 1,000 pies.","3 millas terrestres y 1,000 pies.",C,DownloadBalotario (5).pdf,False
PREG202411060247,5656.3,PROCEDIMIENTOS Y OPERACIONES DE AERÓDROMO,5656.3.- ¿Qué debe esperar cuando le dicen que las operaciones de LAHSO están en vigor en su aeropuerto de destino?,Todas las aeronaves deben operar con una autorización IFR debido al alto volumen de tráfico.,Ese ATC le dará una autorización para aterrizar y esperar antes de un punto específico en la pista.,Retrasos debido a condiciones de IFR bajas y alto volumen de tráfico.,B,DownloadBalotario (5).pdf,False
PREG202411060248,5657,PROCEDIMIENTOS Y OPERACIONES DE AERÓDROMO,5657.- (Refiérase a la Figura 51.) El piloto generalmente llama al control de tierra después de aterrizar cuando la aeronave está completamente alejada de la pista. Aquí es cuando el avión:,pasa el símbolo rojo que se muestra en la ilustración D.,está en el lado de la línea discontinua de la Ilustración G.,está más allá del lado de la línea continua de la Ilustración G.,C,DownloadBalotario (5).pdf,True
PREG202411060249,5658,PROCEDIMIENTOS Y OPERACIONES DE AERÓDROMO,5658.- (Refiérase a la Figura 51). Lo más probable es que se encuentre la Ilustración D:,al salir de todas las pistas antes de llamar al control de tierra.,en una intersección donde una calzada puede confundirse con una calle de rodaje.,cerca del extremo de aproximación de las pistas ILS.,B,DownloadBalotario (5).pdf,True
PREG202411060250,5659.1,PROCEDIMIENTOS Y OPERACIONES DE AERÓDROMO,"5659.1.- (Refiérase a la Figura 51). ¿Mientras despeja una pista activa, lo más probable es que esté alejado del área crítica ILS cuando pase qué señal?",Ilustración D.,Ilustración G.,Ilustración H.,C,DownloadBalotario (5).pdf,True
PREG202411060251,5659.2,PROCEDIMIENTOS Y OPERACIONES DE AERÓDROMO,"5659.2.- (Refiérase a la Figura 51). ¿Al rodar hasta una pista activa, es probable que esté alejado del área crítica ILS cuando no llegue a qué señal?",Ilustración H.,Ilustración D.,Mitad amarillo.,C,DownloadBalotario (5).pdf,True
PREG202411060252,5660,PROCEDIMIENTOS Y OPERACIONES DE AERÓDROMO,5660.- (Refiérase a la Figura 51). ¿Qué símbolo no se refiere directamente a la incursión en la pista con otras aeronaves?,Ilustración D.,Ilustración G.,Ilustración H.,A,DownloadBalotario (5).pdf,True
PREG202411060253,5748,PROCEDIMIENTOS Y OPERACIONES DE AERÓDROMO,5748.- Los pilotos deben tener funcionando el sistema de luces anticolisión:,siempre que un motor esté en funcionamiento.,siempre que el piloto esté en la cabina.,"durante todo tipo de operaciones, tanto de día como de noche.",C,DownloadBalotario (5).pdf,False
PREG202411060254,5749,PROCEDIMIENTOS Y OPERACIONES DE AERÓDROMO,"5749.- Cuando se encuentre cerca de un VOR que se esté utilizando para la navegación en vuelos VFR, es importante:",hacer giros de 90 ° a la izquierda y a la derecha para buscar otro tráfico.,ejercer una vigilancia sostenida para evitar aeronaves que puedan estar convergiendo en el VOR desde otras direcciones.,pasar el VOR en el lado derecho del radial para dejar espacio para aviones que vuelan en la dirección opuesta en el mismo radial.,B,DownloadBalotario (5).pdf,False
PREG202411060255,5757,PROCEDIMIENTOS Y OPERACIONES DE AERÓDROMO,"5757.- A medida que avanza la hiperventilación, un piloto puede experimentar:",disminución de la frecuencia y la profundidad de la respiración.,mayor conciencia y sensación de bienestar.,síntomas de asfixia y somnolencia.,C,DownloadBalotario (5).pdf,False
PREG202411060256,5758,PROCEDIMIENTOS Y OPERACIONES DE AERÓDROMO,"5758.- Para escanear correctamente el tráfico, un piloto debe:",escanear lentamente el campo de visión de un lado a otro a intervalos regulares.,concentrarse en cualquier movimiento periférico detectado.,utilizar una serie de movimientos oculares cortos y regularmente espaciados que llevan áreas de uso sucesivas del cielo al campo visual central.,C,DownloadBalotario (5).pdf,False
PREG202411060257,5759,PROCEDIMIENTOS Y OPERACIONES DE AERÓDROMO,5759.- ¿Cuál es un síntoma común de hiperventilación?,Somnolencia.,Disminución de la frecuencia respiratoria.,Una sensación de bienestar.,A,DownloadBalotario (5).pdf,False
PREG202411060258,5760,PROCEDIMIENTOS Y OPERACIONES DE AERÓDROMO,5760.- ¿Qué sería el resultado más probable en caso de hiperventilación?,Insuficiencia de oxígeno.,Exceso de monóxido de carbono.,Insuficiente monóxido de carbono.,C,DownloadBalotario (5).pdf,False
PREG202411060259,5761,PROCEDIMIENTOS Y OPERACIONES DE AERÓDROMO,5761.- ¿La hipoxia es el resultado de cuál de estas condiciones?,Exceso de oxígeno en el torrente sanguíneo.,Llega insuficiente oxígeno al cerebro.,Exceso de dióxido de carbono en el torrente sanguíneo.,B,DownloadBalotario (5).pdf,False
PREG202411060260,5762,PROCEDIMIENTOS Y OPERACIONES DE AERÓDROMO,"5762.- Para superar los síntomas de la hiperventilación, un piloto debe:",tragar o bostezar.,reducir la frecuencia respiratoria.,aumentar la frecuencia respiratoria.,B,DownloadBalotario (5).pdf,False
PREG202411060261,5763,PROCEDIMIENTOS Y OPERACIONES DE AERÓDROMO,5763.- ¿Qué es cierto con respecto a la presencia de alcohol en el cuerpo humano?,Una pequeña cantidad de alcohol aumenta la agudeza visual.,Un aumento de altitud disminuye el efecto adverso del alcohol.,La capacidad de juicio y de toma de decisiones puede verse afectado negativamente por incluso pequeñas cantidades de alcohol.,C,DownloadBalotario (5).pdf,False
PREG202411060262,5763.1,PROCEDIMIENTOS Y OPERACIONES DE AERÓDROMO,"5763.1.- Para deshacerse de todo el alcohol contenido en una cerveza, el cuerpo humano necesita aproximadamente:",1 Hora.,3 Horas.,4 Horas.,B,DownloadBalotario (5).pdf,False
PREG202411060263,5763.2,PROCEDIMIENTOS Y OPERACIONES DE AERÓDROMO,"5763.2.- Para deshacerse de todo el alcohol contenido en una bebida mezclada, el cuerpo humano necesita aproximadamente:",1 Hora.,2 Horas.,3 Horas.,C,DownloadBalotario (5).pdf,False
PREG202411060264,5764,PROCEDIMIENTOS Y OPERACIONES DE AERÓDROMO,5764.- La susceptibilidad a la hipoxia debido a la inhalación de monóxido de carbono aumenta a medida que:,la humedad disminuye.,aumenta la altitud.,aumenta la demanda de oxígeno.,B,DownloadBalotario (5).pdf,False
PREG202411060265,5765,PROCEDIMIENTOS Y OPERACIONES DE AERÓDROMO,"5765.- Para superar mejor los efectos de la desorientación espacial, un piloto debe:",confiar en las sensaciones corporales.,aumentar la frecuencia respiratoria.,Confiar en las indicaciones de los instrumentos de la aeronave.,C,DownloadBalotario (5).pdf,False
PREG202411060266,5765.1,PROCEDIMIENTOS Y OPERACIONES DE AERÓDROMO,"5765.1.- Para hacer frente a la desorientación espacial, los pilotos deben confiar en:",sensaciones corporales y referencias visuales externas.,"alimentación adecuada, descanso y adaptación nocturna.",uso competente de los instrumentos de la aeronave.,C,DownloadBalotario (5).pdf,False
PREG202411060267,5765.2,PROCEDIMIENTOS Y OPERACIONES DE AERÓDROMO,5765.2.- Un piloto que vuela en un estado de fatiga es un peligro porque:,volar fatigado es volar deficiente.,El piloto se apresurará a revisar y descuidar los artículos.,El piloto excederá las limitaciones de la aeronave para completar el vuelo.,A,DownloadBalotario (5).pdf,False
PREG202411060268,5768,PROCEDIMIENTOS Y OPERACIONES DE AERÓDROMO,"5768.- Al salir de una pista cubierta de nieve o aguanieve, ¿qué puede hacer un piloto para evitar daños en el tren de aterrizaje debido a las condiciones?",No retraer el tren de aterrizaje inmediatamente para permitir que se seque al aire.,Retraer inmediatamente el tren de aterrizaje para que se pueda calentar en los compartimentos del tren.,Volar a una velocidad por encima del arco verde del indicador de velocidad aerodinámica puede eliminar la nieve y la aguanieve.,A,DownloadBalotario (5).pdf,False
PREG202411060269,5941,PROCEDIMIENTOS Y OPERACIONES DE AERÓDROMO,"5941.- La gestión de riesgos, como parte del proceso de toma de decisiones aeronáuticas (ADM), en qué característica se basa para reducir los riesgos asociados con cada vuelo?",El proceso mental de analizar toda la información en una situación particular y tomar una decisión oportuna sobre qué acción tomar.,Aplicación de procedimientos de gestión de estrés y elementos de riesgo.,"Conciencia situacional, reconocimiento de problemas y buen juicio.",C,DownloadBalotario (5).pdf,False
PREG202411060270,5941.1,PROCEDIMIENTOS Y OPERACIONES DE AERÓDROMO,5941.1.- La gestión de riesgos por parte del piloto:,aplica solo en vuelos IFR de pasajeros / carga.,requiere educación continua y formación académica certificada para comprender los principios.,se mejora con la práctica y el uso constante de herramientas de gestión de riesgos.,C,DownloadBalotario (5).pdf,False
PREG202411060271,5942,PROCEDIMIENTOS Y OPERACIONES DE AERÓDROMO,5942.- La toma de decisiones aeronáuticas (ADM) es un:,enfoque sistemático del proceso mental utilizado por los pilotos para determinar consistentemente el mejor curso de acción para un conjunto dado de circunstancias.,proceso de toma de decisiones que se basa en el buen juicio para reducir los riesgos asociados con cada vuelo.,proceso mental de analizar toda la información en una situación particular y tomar una decisión oportuna sobre qué acción tomar.,A,DownloadBalotario (5).pdf,False
PREG202411060272,5943,PROCEDIMIENTOS Y OPERACIONES DE AERÓDROMO,5943.- El proceso de toma de decisiones aeronáuticas (ADM) identifica los pasos involucrados en una buena toma de decisiones. Uno de estos pasos incluye un piloto:,haciendo una evaluación racional de las acciones requeridas.,desarrollando la actitud de 'cosas correctas'.,identificando actitudes personales peligrosas para un vuelo seguro.,C,DownloadBalotario (5).pdf,False
PREG202411060273,5944,PROCEDIMIENTOS Y OPERACIONES DE AERÓDROMO,5944.- Ejemplos de trampas de comportamiento clásicas en las que pueden caer los pilotos experimentados son:,asumir responsabilidades adicionales y hacer valer la autoridad de PIC.,promover la conciencia situacional y luego los cambios necesarios en el comportamiento.,"completar un vuelo según lo planeado, complacer a los pasajeros, cumplir con los horarios y demostrar las 'cosas correctas'.",C,DownloadBalotario (5).pdf,False
PREG202411060274,5945,PROCEDIMIENTOS Y OPERACIONES DE AERÓDROMO,"5945.- El impulso básico para que un piloto demuestre las ³ cosas correctas ´ puede tener un efecto adverso en la seguridad, por:",una total indiferencia por cualquier curso de acción alternativo.,"generar tendencias que conducen a prácticas peligrosas, a menudo ilegales, y que pueden conducir a un percance.",imponer una evaluación realista de las habilidades de pilotaje en condiciones estresantes.,B,DownloadBalotario (5).pdf,False
PREG202411060275,5946,PROCEDIMIENTOS Y OPERACIONES DE AERÓDROMO,5946.- La mayoría de los pilotos han sido víctimas de tendencias peligrosas o problemas de comportamiento en algún momento. Algunas de estas tendencias peligrosas o patrones de comportamiento que deben identificarse y eliminarse incluyen:,deficiencias en las habilidades instrumentales y conocimiento de los sistemas o limitaciones de la aeronave.,"deficiencias en el desempeño por factores humanos como fatiga, enfermedad o problemas emocionales.","la presión de los compañeros, la puesta en práctica, la pérdida de conciencia de la posición o la situación y el funcionamiento sin reservas de combustible adecuadas.",C,DownloadBalotario (5).pdf,False
PREG202411060276,5947,PROCEDIMIENTOS Y OPERACIONES DE AERÓDROMO,5947.- Una parte inicial del proceso de toma de decisiones aeronáuticas (ADM) implica:,realizar una prueba de inventario de actitud peligrosa de autoevaluación.,comprender el impulso para tener las 'cosas correctas'.,obtener instrucción y experiencia de vuelo adecuadas durante el entrenamiento.,A,DownloadBalotario (5).pdf,False
PREG202411060277,5948,PROCEDIMIENTOS Y OPERACIONES DE AERÓDROMO,5948.- Las actitudes peligrosas que contribuyen a un mal juicio del piloto pueden contrarrestarse eficazmente mediante:,reconocimiento temprano de pensamientos peligrosos.,tomar medidas significativas para ser más asertivo con las actitudes.,reorientar esa actitud peligrosa para que se puedan tomar las medidas adecuadas.,C,DownloadBalotario (5).pdf,False
PREG202411060278,5949,PROCEDIMIENTOS Y OPERACIONES DE AERÓDROMO,5949.- ¿Cuáles son algunas de las actitudes peligrosas que se abordan en la toma de decisiones aeronáuticas (ADM)?,"Anti-autoridad (no me digas), impulsividad (hacer algo rápido sin pensar), machista (puedo hacerlo).","Gestión de riesgos, gestión del estrés y elementos de riesgo.","Mala toma de decisiones, conciencia de la situación y juicio.",A,DownloadBalotario (5).pdf,False
PREG202411060279,5950,PROCEDIMIENTOS Y OPERACIONES DE AERÓDROMO,"5950.- Cuando un piloto reconoce un pensamiento peligroso, debe corregirlo indicando el antídoto correspondiente. ¿Cuál de los siguientes es el antídoto para ³ MACHO ´""",Sigue las reglas. Suelen tener razón.,No tan rápido. Piensa primero.,Arriesgarse es una tontería.,C,DownloadBalotario (5).pdf,False
PREG202411060280,5951,PROCEDIMIENTOS Y OPERACIONES DE AERÓDROMO,5951.- ¿Cuál es el primer paso para neutralizar una actitud peligrosa en el proceso de ADM?,Reconocimiento de invulnerabilidad en la situación.,Lidiar con un juicio inadecuado.,Reconocimiento de pensamientos peligrosos.,C,DownloadBalotario (5).pdf,False
PREG202411060281,5952,PROCEDIMIENTOS Y OPERACIONES DE AERÓDROMO,5952.- ¿Qué debe hacer un piloto al reconocer un pensamiento como peligroso?,Evitar desarrollar este pensamiento peligroso.,Desarrollar este pensamiento peligroso y continuar con una acción modificada.,"Etiquetar ese pensamiento como peligroso, luego corregirlo indicando el antídoto aprendido correspondiente.",C,DownloadBalotario (5).pdf,False
PREG202411060282,5953,PROCEDIMIENTOS Y OPERACIONES DE AERÓDROMO,5953.- ¿Cómo deben los pilotos ayudar a controlar el estrés de la cabina?,Ser consciente de las situaciones de estrés de la vida que son similares a las de volar.,Condicionarse para relajarse y pensar racionalmente cuando aparece el estrés.,Evitar situaciones que mejorarán sus habilidades para manejar las responsabilidades de la cabina.,B,DownloadBalotario (5).pdf,False
PREG202411060283,5954,PROCEDIMIENTOS Y OPERACIONES DE AERÓDROMO,5954.- ¿Con qué comienza una buena gestión del estrés en la cabina?,Saber qué causa el estrés.,Eliminando problemas de vida y estrés en la cabina.,Buen manejo del estrés de la vida.,C,DownloadBalotario (5).pdf,False
PREG202411060284,5955,PROCEDIMIENTOS Y OPERACIONES DE AERÓDROMO,5955.- Los pasajeros de un vuelo chárter han llegado casi una hora tarde a un vuelo que requiere reserva. ¿Cuál de las siguientes alternativas ilustra mejor la reacción de ANTIAUTORIDAD?,Estas reglas de reserva no se aplican a este vuelo.,"Si el piloto se apresura, es posible que aún llegue a tiempo.",El piloto no puede evitar que los pasajeros lleguen tarde.,A,DownloadBalotario (5).pdf,False
PREG202411060285,5956,PROCEDIMIENTOS Y OPERACIONES DE AERÓDROMO,"5956.- Mientras realiza una verificación operativa del sistema de presurización de la cabina, el piloto descubre que la función de control de velocidad no está operativa. Sabe que puede controlar manualmente la presión de la cabina, por lo que elige ignorar la discrepancia. ¿Cuál de las siguientes alternativas ilustra mejor la reacción de INVULNERABILIDAD?",Qué es lo peor que podría pasar.,Puedo manejar un pequeño problema como este.,Es demasiado tarde para arreglarlo ahora.,A,DownloadBalotario (5).pdf,False
PREG202411060286,5957,PROCEDIMIENTOS Y OPERACIONES DE AERÓDROMO,5957.- El piloto y los pasajeros están ansiosos por llegar a su destino para una presentación comercial. Se informa que las tormentas eléctricas de nivel IV están alineadas a lo largo de su ruta de vuelo prevista. ¿Cuál de las siguientes alternativas ilustra mejor la reacción de IMPULSIVIDAD?,"Quieren darse prisa y ponerse en marcha, antes de que las cosas empeoren.",Una tormenta no los detendrá.,"No pueden cambiar el clima, así que es mejor que se vayan.",A,DownloadBalotario (5).pdf,False
PREG202411060287,5958,PROCEDIMIENTOS Y OPERACIONES DE AERÓDROMO,"5958.- Durante un vuelo IFR, un piloto emerge de una nube y se encuentra a 300 pies de un helicóptero. ¿Cuál de las siguientes alternativas ilustra mejor la reacción 'MACHO'?",No está demasiado preocupado; todo va a estar bien.,"Vuela un poco más cerca, solo para mostrarle.","Rápidamente se da la vuelta y se sumerge, para evitar la colisión.",B,DownloadBalotario (5).pdf,False
PREG202411060288,5959,PROCEDIMIENTOS Y OPERACIONES DE AERÓDROMO,"5959.- Cuando un piloto reconoce un pensamiento peligroso, debe corregirlo aplicando el antídoto correspondiente. ¿Cuál de los siguientes es el antídoto para la actitud peligrosa ANTI-AUTORIDAD?",No tan rápido. Piensa primero.,No me pasará a mí. Me podría pasar.,No me lo digas. Sigue las reglas. Suelen tener razón.,C,DownloadBalotario (5).pdf,False
PREG202411060289,5960,PROCEDIMIENTOS Y OPERACIONES DE AERÓDROMO,"5960.- Un piloto y amigos volarán a un partido de fútbol fuera de la ciudad. Cuando llegan los pasajeros, el piloto determina que estarán por encima del peso bruto máximo para el despegue con la carga de combustible existente. ¿Cuál de las siguientes alternativas ilustra mejor la reacción de la RESIGNACIÓN?","Bueno, nadie le dijo sobre el peso extra.",El peso y el equilibrio es una formalidad impuesta a los pilotos por la AAC,"No puede esperar para descargar combustible, tienen que llegar a tiempo.",A,DownloadBalotario (5).pdf,False
PREG202411060290,5961,PROCEDIMIENTOS Y OPERACIONES DE AERÓDROMO,5961.- ¿Cuál de los siguientes es el paso final del modelo Decide para una gestión de riesgos eficaz y toma de decisiones aeronáuticas?,Estimar.,Evaluar.,Eliminar.,B,DownloadBalotario (5).pdf,False
PREG202411060291,5962,PROCEDIMIENTOS Y OPERACIONES DE AERÓDROMO,5962.- ¿Cuál de los siguientes es el primer paso del modelo Decide para la gestión eficaz de riesgos y la toma de decisiones aeronáuticas?,Detectar.,Identificar.,Evaluar.,A,DownloadBalotario (5).pdf,False
PREG202411060292,5963,PROCEDIMIENTOS Y OPERACIONES DE AERÓDROMO,5963.- El modelo Decide se compone de un proceso de 6 pasos para proporcionar al piloto una forma lógica de abordar la toma de decisiones aeronáuticas. Estos pasos son:,"detectar, estimar, elegir, identificar, hacer y evaluar.","determinar, evaluar, elegir, identificar, hacer y eliminar.","determinar, eliminar, elegir, identificar, detectar y evaluar.",A,DownloadBalotario (5).pdf,False
PREG202411060293,5964,PROCEDIMIENTOS Y OPERACIONES DE AERÓDROMO,5964.- El marcador de ³ final de calle de rodaje ´,indica que la calle de rodaje no continúa.,identifica el área donde están prohibidas las aeronaves.,proporciona una dirección de rodaje general a la calle de rodaje nombrada.,A,DownloadBalotario (5).pdf,False
PREG202411060294,5970,PROCEDIMIENTOS Y OPERACIONES DE AERÓDROMO,"5970.- (Refiérase la Figura 58.) Ha solicitado instrucciones de rodaje para el despegue utilizando la Pista 16. El controlador emite las siguientes instrucciones de rodaje: ""N123, Taxi a la pista 16."" ¿Dónde debe detenerse para cumplir con las instrucciones del controlador?",5 (cinco).,6 (seis).,9 (nueve).,A,DownloadBalotario (5).pdf,True
PREG202411060295,5972,PROCEDIMIENTOS Y OPERACIONES DE AERÓDROMO,"5972.- Una vez que un piloto al mando acepta una autorización de aterrizaje y espera corta (LAHSO), la autorización debe cumplirse, al igual que cualquier otra autorización ATC, a menos que:",se obtiene una autorización modificada o se produce una emergencia.,el viento cambia o la distancia de aterrizaje disponible disminuye.,la distancia de aterrizaje disponible disminuye o aumenta la densidad de altitud.,A,DownloadBalotario (5).pdf,False
PREG202411060296,5975,PROCEDIMIENTOS Y OPERACIONES DE AERÓDROMO,"5975.- Al girar hacia una calle de rodaje desde otra calle de rodaje, ¿cuál es el propósito de la señal direccional de la calle de rodaje?",Indica dirección a la pista de despegue.,Indica la designación y la dirección de la calle de salida de la pista.,Indica la designación y la dirección de la calle de rodaje que sale de una intersección.,C,DownloadBalotario (5).pdf,False
PREG202411060297,5976,PROCEDIMIENTOS Y OPERACIONES DE AERÓDROMO,5976.- ¿Qué debe considerar al planear aterrizar en otro aeropuerto?,Aterrizar y realizar procedimientos cortos.,Compruebe si hay marcas de aterrizaje y aeropuerto.,iluminación del aeropuerto mediante cableado continuo.,A,DownloadBalotario (5).pdf,False
PREG202411060298,5981,PROCEDIMIENTOS Y OPERACIONES DE AERÓDROMO,5981.- El letrero de posición de espera en la pista se encuentra en:,pistas que se cruzan con otras pistas.,calles de rodaje protegidas de una aeronave que se aproxima a una pista.,pistas que se cruzan con otras calles de rodaje.,A,DownloadBalotario (5).pdf,False
PREG202411060299,5982,PROCEDIMIENTOS Y OPERACIONES DE AERÓDROMO,"5982.- Las ""marcas de posición de espera en la pista"" en calles de rodaje:",identifican dónde se prohíbe el rodaje de las aeronaves cuando el control de tierra no los autoriza a continuar.,identifican dónde se supone que deben detenerse las aeronaves cuando no están autorizadas para avanzar hacia la pista.,permiten un permiso de aeronave en la pista.,B,DownloadBalotario (5).pdf,False
PREG202411060300,5983,PROCEDIMIENTOS Y OPERACIONES DE AERÓDROMO,5983.- (Refiérase a la Figura 57). Se le indica que debe rodar hasta la pista 10. Verá este letrero en una intersección de la calle de rodaje durante el rodaje. ¿De qué manera deberías proceder?,Izquierda.,Derecha.,Todo derecho.,C,DownloadBalotario (5).pdf,True
PREG202411060301,5983.1,PROCEDIMIENTOS Y OPERACIONES DE AERÓDROMO,"5983.1.- (Refiérase a la Figura 51, A.) Esta señal de calle de rodaje se esperaría:",en la intersección del extremo de salida de la pista 04/22 y la calle de rodaje.,cerca de la intersección de las pistas 04 y 22.,en una calle de rodaje que cruza la pista 04/22.,C,DownloadBalotario (5).pdf,True
PREG202411060302,5983.2,PROCEDIMIENTOS Y OPERACIONES DE AERÓDROMO,"5983.2.- (Refiérase a la Figura 61.) El control de tierra le ha dado instrucciones para rodar Alfa a Foxtrot a la pista activa. Según el letrero de la figura, ¿en qué dirección giraría en esta intersección para cumplir con el ATC?",No es necesario girar.,El giro se hará a la derecha.,El giro se hará a la izquierda.,C,DownloadBalotario (5).pdf,True
PREG202411060303,5984,PROCEDIMIENTOS Y OPERACIONES DE AERÓDROMO,5984.- (Refiérase a la Figura 64). Verá este letrero cuando se mantenga cerca de la pista. Recibe autorización para realizar un rodaje en retroceso en la pista para una salida completa de la pista 8. ¿En qué dirección debe girar la primera vez que rueda hacia la pista para el despegue?,Izquierda.,Derecha.,Necesita más información.,B,DownloadBalotario (5).pdf,True
PREG202411060304,5989,PROCEDIMIENTOS Y OPERACIONES DE AERÓDROMO,"5989.- La marca de ""barra de demarcación amarilla"" indica:",la pista con umbral desplazado que precede a la pista.,una línea de espera desde una calle de rodaje hasta una pista.,el comienzo de la pista disponible para aterrizar en el lado de aproximación.,A,DownloadBalotario (5).pdf,False
PREG202411060208,5083,PROCEDIMIENTOS Y OPERACIONES DE AERÓDROMO,5083.- La visibilidad mínima de vuelo para vuelos VFR aumenta a 5 millas terrestres a partir de una altitud de:,"a 14,500 pies MSL.","a 10,000 pies MSL si están por encima de 1,200 pies AGL.","a 10,000 pies MSL independientemente de la altura sobre el suelo.",B,DownloadBalotario (5).pdf,False
PREG202411060209,5083.1,PROCEDIMIENTOS Y OPERACIONES DE AERÓDROMO,"5083.1.- Su vuelo VFR se realizará por encima de 10,000 MSL en espacio aéreo Clase E. ¿Cuál es la visibilidad mínima de vuelo?",3 NM.,5 SM.,1 SM.,B,DownloadBalotario (5).pdf,False
PREG202411060210,5085,PROCEDIMIENTOS Y OPERACIONES DE AERÓDROMO,"5085.- ¿Cuáles son los requisitos mínimos de visibilidad de vuelo y proximidad a la nube para vuelos VFR, a 6.500 pies MSL, en espacio aéreo de Clase C, D y E?",1 milla de visibilidad; despejado de nubes.,"3 millas de visibilidad; 1,000 pies arriba y 500 pies abajo.","5 millas de visibilidad; 1,000 pies arriba y 1,000 pies abajo.",B,DownloadBalotario (5).pdf,False
PREG202411060211,5088,PROCEDIMIENTOS Y OPERACIONES DE AERÓDROMO,"5088.- Cuando se opera un avión con el propósito de aterrizar o despegar dentro del espacio aéreo Clase D bajo VFR especial, ¿qué distancia mínima de las nubes y qué visibilidad se requieren?",Manténgase libre de nubes y la visibilidad desde el suelo debe ser de al menos 1 SM.,500 pies debajo de las nubes y la visibilidad del suelo debe ser de al menos 1 SM.,Manténgase libre de nubes y la visibilidad del vuelo debe ser de al menos 1 NM.,A,DownloadBalotario (5).pdf,False
PREG202411060212,5089,PROCEDIMIENTOS Y OPERACIONES DE AERÓDROMO,"5089.- En algunos aeropuertos ubicados en el espacio aéreo de Clase D donde no se informa la visibilidad en tierra, se realizan despegues y aterrizajes bajo VFR especial:",no autorizado.,autorizado por ATC si la visibilidad del vuelo es de al menos 1 SM.,autorizado sólo si se observa que la visibilidad del suelo es de al menos 3 SM.,B,DownloadBalotario (5).pdf,False
PREG202411060213,5090,PROCEDIMIENTOS Y OPERACIONES DE AERÓDROMO,"5090.- Para operar un avión bajo ³ SPECIAL VFR (SVFR) ´ dentro del espacio aéreo Clase D durante la noche, ¿cuál se requiere?","El piloto debe tener una habilitación de instrumentos, pero el avión no necesita estar equipado para vuelo por instrumentos, siempre que el clima se mantenga en o por encima de los mínimos SVFR.",Un área SVFR nocturna. El espacio aéreo Clase D debe estar específicamente designado.,El piloto debe tener una habilitación de instrumentos y el avión debe estar equipado para vuelo por instrumentos.,C,DownloadBalotario (5).pdf,False
PREG202411060214,5091,PROCEDIMIENTOS Y OPERACIONES DE AERÓDROMO,5091.- Se requiere que se mantengan las altitudes de crucero VFR al volar:,"a 3,00 0 pies o más AGL, basado en el rumbo verdadero.","más de 3,000 pies AGL, basado en curso magnético.","a 3,000 pies o más sobre MSL, basado en rumbo magnético.",B,DownloadBalotario (5).pdf,False
PREG202411060215,5115,PROCEDIMIENTOS Y OPERACIONES DE AERÓDROMO,"5115.- Después de que se haya obtenido una autorización ATC, un piloto no puede desviarse de esa autorización, a menos que el piloto:",solicite una autorización modificada.,esté operando VFR en la parte superior.,recibe una autorización enmendada o tiene una emergencia.,C,DownloadBalotario (5).pdf,False
PREG202411060216,5116.1,PROCEDIMIENTOS Y OPERACIONES DE AERÓDROMO,"5116.1.- Al acercarse a aterrizar en un aeropuerto, sin una torre de control operativa, en espacio aéreo Clase G, el piloto debe:","hacer todos los giros a la izquierda, a menos que se indique lo contrario.",volar un patrón de tráfico por la izquierda a 800 pies AGL.,Ingresar y volar un patrón de tráfico a 800 pies AGL.,A,DownloadBalotario (5).pdf,False
PREG202411060217,5117,PROCEDIMIENTOS Y OPERACIONES DE AERÓDROMO,"5117.- Al operar una aeronave en las cercanías de un aeropuerto con una torre de control operativa, en el espacio aéreo de Clase E, un piloto debe establecer comunicaciones antes de:",8 NM y hasta 3000 pies AGL inclusive.,5 NM y hasta 3000 pies AGL inclusive.,4 NM y hasta 2500 pies AGL inclusive.,C,DownloadBalotario (5).pdf,False
PREG202411060218,5118,PROCEDIMIENTOS Y OPERACIONES DE AERÓDROMO,"5118.- Al acercarse a aterrizar en un aeropuerto con una instalación ATC, en espacio aéreo Clase D, el piloto debe establecer comunicaciones antes de:","10 NH, hasta 3000 pies AGL inclusive.","30 SM, y estar equipado con transpondedor.","4 NM, hasta 2500 pies AGL inclusive.",C,DownloadBalotario (5).pdf,False
PREG202411060219,5119.3,PROCEDIMIENTOS Y OPERACIONES DE AERÓDROMO,5119.3.- El radio del área exterior inexplorada del espacio aéreo Clase C es normalmente:,20 NM.,30 NM.,40 NM.,A,DownloadBalotario (5).pdf,False
PREG202411060220,5120.2,PROCEDIMIENTOS Y OPERACIONES DE AERÓDROMO,5120.2.- ¿Cuál de las siguientes afirmaciones es cierta respecto a las operaciones de vuelo en el espacio aéreo de Clase A?,La aeronave debe estar equipada con equipo de medición de distancia (DME) aprobado.,La aeronave debe estar equipada con un transpondedor ATC y un equipo de notificación de altitud.,Puede realizar operaciones bajo reglas de vuelo visual.,B,DownloadBalotario (5).pdf,False
PREG202411060221,5121,PROCEDIMIENTOS Y OPERACIONES DE AERÓDROMO,"5121.- Cuando la información meteorológica indique que existe una presión barométrica anormalmente alta o por encima de _____ pulgadas de mercurio, no se autorizarán operaciones de vuelo contrarias a los requisitos publicados en los NOTAM:",31.00.,32.00.,3050.,A,DownloadBalotario (5).pdf,False
PREG202411060222,5133,PROCEDIMIENTOS Y OPERACIONES DE AERÓDROMO,"5133.- Al planificar un vuelo nocturno, un piloto debe verificar:",disponibilidad y estado de los sistemas de iluminación de los aeropuertos de ruta y de destino.,luces rojas de rumbo en ruta.,ubicación de balizas de luz giratorias ´,A,DownloadBalotario (5).pdf,False
PREG202411060223,5134,PROCEDIMIENTOS Y OPERACIONES DE AERÓDROMO,5134.- Las balizas de luz que producen destellos rojos indican:,aviso de fin de pista al final de la salida.,que un piloto debe mantenerse alejado de un patrón de tráfico del aeropuerto y continuar dando vueltas.,obstrucciones o áreas consideradas peligrosas para la navegación aérea.,C,DownloadBalotario (5).pdf,False
PREG202411060224,5135,PROCEDIMIENTOS Y OPERACIONES DE AERÓDROMO,5135.- ¿Cuál es la primera indicación de volar en condiciones de visibilidad restringida cuando se opera VFR de noche?,Las luces de tierra comienzan a tomar la apariencia de estar rodeadas por un halo o resplandor.,Una desaparición gradual de luces en el suelo.,Las luces de la cabina comienzan a tomar la apariencia de un halo o brillan a su alrededor.,B,DownloadBalotario (5).pdf,False
PREG202411060225,5138,PROCEDIMIENTOS Y OPERACIONES DE AERÓDROMO,5138.- ¿Quién tiene la autoridad final para aceptar o rechazar cualquier autorización de aterrizaje y espera corta (LAHSO)?,Controlador de la torre de control.,Controlador de aproximación ATC.,Piloto al mando.,C,DownloadBalotario (5).pdf,False
PREG202411060147,5011,REGLAMENTACIÓN,5011.- La reglamentación que se refiere a operar una aeronave se relaciona con la persona que:,actúa como piloto al mando de la aeronave.,es el único manipulador de los controles de la aeronave.,hace que la aeronave sea utilizada o autoriza su uso.,C,DownloadBalotario (6).pdf,False
PREG202411060148,5018,REGLAMENTACIÓN,5018.- Los pilotos comerciales deben contar con una licencia vigente y apropiada en su posesión física o que sea de fácil acceso en la aeronave cuando:,piloteen solo para alquiler.,lleven pasajeros solamente.,actúen como tripulación de vuelo.,C,DownloadBalotario (6).pdf,False
PREG202411060149,A5021,REGLAMENTACIÓN,"A5021.- ¿Un certificado médico emitido a un piloto comercial el 10 de abril de este año le permite al piloto ejercer cuál de los siguientes privilegios, considerando que es menor de 40 años?",Privilegios de piloto comercial hasta el 10 de abril del próximo año.,"Privilegios de piloto comercial hasta el 10 de abril, 2 años después.","Privilegios de piloto privado hasta el 31 de marzo del próximo año, pero no después.",A,DownloadBalotario (6).pdf,False
PREG202411060150,A5022,REGLAMENTACIÓN,A5022.- ¿Cuándo se requiere que el piloto al mando tenga una habilitación de categoría y clase apropiada para la aeronave que vuela?,En todos los vuelos solo.,En aeronaves certificadas para más de un piloto.,En aeronaves certificadas para un solo piloto.,C,DownloadBalotario (6).pdf,False
PREG202411060151,A5023,REGLAMENTACIÓN,"A5023.- A menos que se autorice lo contrario, se requiere que el piloto al mando tenga una habilitación de tipo cuando opere cualquier:",avión certificado para un solo piloto.,helicóptero y aeronave de despegue vertical.,"aviones multimotores con menos de 5,700 kg de peso máximo certificado al despegue.",B,DownloadBalotario (6).pdf,False
PREG202411060152,N5024,REGLAMENTACIÓN,N5024.- ¿Cuál de las siguientes denominaciones son consideradas como habilitación de clase de aeronave?,"Transporte, normal, utilitario, acrobático.","Avión, aeronave a rotor, planeador, aeronave más liviana que el aire.","Monomotor terrestre, multimotor terrestre, hidroavión monomotor, hidroavión multimotor",C,DownloadBalotario (6).pdf,False
PREG202411060153,A5025,REGLAMENTACIÓN,A5025.- ¿Qué tiempo de vuelo puede registrar el piloto en la función de copiloto?,Todo el tiempo de vuelo actuando como copiloto en aeronaves certificadas para más de un piloto.,"Todo el tiempo de vuelo mientras esté desempeñándose como tal en una aeronave que, de acuerdo a su certificado tipo o requisitos operacionales, requiera más de un piloto.",Solo el tiempo de vuelo durante el cual el copiloto es el único manipulador de los controles.,B,DownloadBalotario (6).pdf,False
PREG202411060154,5028,REGLAMENTACIÓN,"5028.- Antes de transportar pasajeros en vuelo nocturno, el piloto al mando debe haber realizado los despegues y aterrizajes requeridos en:",cualquier tipo de aeronave.,la misma categoría y clase de aeronave que se utilizará.,"la misma categoría, clase y tipo de aeronave (si se requiere una habilitación de tipo).",C,DownloadBalotario (6).pdf,False
PREG202411060155,A5030,REGLAMENTACIÓN,"A5030.- Ningún piloto puede actuar como piloto al mando de una aeronave bajo IFR o en condiciones meteorológicas inferiores a los mínimos prescritos para VFR a menos que ese piloto, en los últimos 6 meses, haya realizado y registrado en condiciones reales o simuladas de instrumentos, al menos:","seis (6) horas de vuelo por instrumentos en condiciones IFR reales o simuladas; tres (3) de las cuales hayan sido efectuadas en la categoría de la aeronave involucrada, incluyendo por lo menos seis (6) aproximaciones instrumentales o realizado una verificación de competencia en la categoría de aeronave involucrada.",tres aproximaciones de instrumentos y 3 horas registradas de instrumentos.,seis vuelos por instrumentos y seis aproximaciones.,A,DownloadBalotario (6).pdf,False
PREG202411060156,A5031,REGLAMENTACIÓN,"A5031.- Para actuar como piloto al mando de una aeronave que requiera más de un piloto bajo el LAR 91, un piloto comercial debe haber completado satisfactoriamente un chequeo de vuelo o completado una verificación de competencia dentro de los:",6 meses calendario anteriores.,12 meses calendario anteriores.,24 meses calendario anteriores.,A,DownloadBalotario (6).pdf,False
PREG202411060157,A5044,REGLAMENTACIÓN,"A5044.- ¿Cuál de las siguientes afirmaciones no es correcta, en cuanto a las responsabilidades del piloto al mando conforme al LAR 91?","Notificar a la autoridad correspondiente más próxima, por el medio más rápido, cualquier accidente en relación con la aeronave, en el cual alguna persona resulte muerta o con lesiones graves o se causen daños de importancia a la aeronave o a la propiedad.",Garantizar la protección de la aeronave siempre que en la operación manipule los mandos.,"Cumplir las reglas de vuelo, excepto en circunstancias que sean absolutamente necesario por razones de seguridad",B,DownloadBalotario (6).pdf,False
PREG202411060158,5046,REGLAMENTACIÓN,5046.- Al operar una aeronave civil registrada en el Estado ¿Qué documento debe estar disponible en la aeronave?,Un manual de operaciones del fabricante.,Un manual de vuelo aprobado de la aeronave,Un manual del propietario.,B,DownloadBalotario (6).pdf,False
PREG202411060159,5049.1,REGLAMENTACIÓN,"5049.1.- ¿Cuándo se requieren medidas previas al vuelo, en relación con las alternativas disponibles, si el vuelo planificado no se puede completar?",Solo vuelos IFR.,Cualquier vuelo que no se encuentre en las inmediaciones de un aeródromo y para todos los vuelos IFR.,Cualquier vuelo realizado por remuneración o arrendamiento.,B,DownloadBalotario (6).pdf,False
PREG202411060160,5049.2,REGLAMENTACIÓN,5049.2.- Las medidas previas al vuelo relativas a los informes meteorológicos y los requisitos de combustible son aplicables a:,cualquier vuelo realizado por remuneración o arrendamiento,cualquier vuelo que no se encuentre en las inmediaciones de un aeródromo y para todos los vuelos IFR.,solo vuelos IFR.,B,DownloadBalotario (6).pdf,False
PREG202411060161,5049.3,REGLAMENTACIÓN,"5049.3.- Usted es piloto al mando de un vuelo VFR que cree estará dentro del rango de combustible de su aeronave. Como parte de su planificación previa al vuelo, debe:",estar familiarizado con todas las aproximaciones por instrumentos en el aeropuerto de destino.,incluir un aeropuerto alternativo en el plan de vuelo y confirmar el desempeño adecuado de despegue y aterrizaje en el aeropuerto de destino.,"obtener informes meteorológicos, pronósticos y cumplir requisitos de combustible para el vuelo.",C,DownloadBalotario (6).pdf,False
PREG202411060162,5050,REGLAMENTACIÓN,"5050.- Antes de comenzar cualquier vuelo bajo IFR, el piloto al mando debe familiarizarse con toda la información disponible sobre ese vuelo. Además, el piloto debe:",estar familiarizado con todas las aproximaciones por instrumentos en el aeropuerto de destino.,incluir un aeropuerto alternativo en el plan de vuelo y confirmar el desempeño adecuado de despegue y aterrizaje en el aeropuerto de destino.,"estar familiarizado con las longitudes de las pistas en los aeropuertos de uso previsto, los informes meteorológicos, los requisitos de combustible, las alternativas disponibles si el vuelo no se puede completar.",C,DownloadBalotario (6).pdf,False
PREG202411060163,5050.1,REGLAMENTACIÓN,5050.1.- ¿Cuál de los siguientes son algunos de los documentos necesarios a bordo de la aeronave durante un vuelo VFR?,"Comprobante de pago de seguro, itinerario de vuelo y libro de vuelo de la aeronave.","Cuadro (s) de sección (s) VFR para el área en la que ocurre el vuelo, libro de registro de la aeronave y libro de registro del motor.","Certificado de aeronavegabilidad, manual de vuelo aprobado del avión y certificado de registro (matrícula) de la aeronave.",C,DownloadBalotario (6).pdf,False
PREG202411060164,5051.1,REGLAMENTACIÓN,5051.1.- Los cinturones de seguridad de los miembros de la tripulación de vuelo requeridos deben estar abrochados:,solo durante el despegue y el aterrizaje.,mientras los miembros de la tripulación están en sus puestos.,solo durante el despegue y el aterrizaje cuando hay pasajeros a bordo del avión.,B,DownloadBalotario (6).pdf,False
PREG202411060165,5051.2,REGLAMENTACIÓN,5051.2.- Se requiere que cada miembro de la tripulación de vuelo mantenga su arnés de hombro abrochado:,durante el despegue y el aterrizaje solo cuando haya pasajeros a bordo de la aeronave.,"mientras se encuentra en su puesto, a menos que no pueda realizar las tareas requeridas.","durante el despegue y el aterrizaje, a menos que no pueda realizar las tareas requeridas.",C,DownloadBalotario (6).pdf,False
PREG202411060166,5051.3,REGLAMENTACIÓN,"5051.3.- Durante la verificación previa, usted descubre que uno de los asientos del pasajero tiene un arnés de hombro defectuoso. Todos los asientos están ocupados. Este vuelo es:",permitido.,no permitido.,permitido siempre que se notifique al pasajero sobre el arnés de hombro defectuoso.,B,DownloadBalotario (6).pdf,False
PREG202411060167,5051.4,REGLAMENTACIÓN,"5051.4.- Si uno de sus pasajeros afirma que prefiere no usar su arnés de hombro porque le resulta incómodo, ¿qué debería hacer usted?","Explicar que es un requisito obligatorio y que se usa el arnés de hombro durante el despegue, aterrizaje y movimiento en la superficie.",Permitirle usar el cinturón de seguridad durante todo el viaje sin el arnés de hombro.,Permitirle usar su cinturón de seguridad para despegar y aterrizar y el arnés de hombro mientras está en ruta.,A,DownloadBalotario (6).pdf,False
PREG202411060168,5052,REGLAMENTACIÓN,"5052.- El uso de cinturones de seguridad es requerido durante el movimiento en la superficie, despegues y aterrizajes para:","práctica de operación segura, pero no requerida por la reglamentación.",cada persona mayor de 2 años a bordo.,operaciones comerciales de pasajeros solamente.,B,DownloadBalotario (6).pdf,False
PREG202411060169,5056.1,REGLAMENTACIÓN,5056.1.- Los dispositivos electrónicos portátiles que puedan causar interferencia con el sistema de navegación o comunicación no se pueden operar en una aeronave civil:,en cualquier porción del espacio aéreo nacional.,dentro del Estado.,en las operaciones de transporte aéreo.,C,DownloadBalotario (6).pdf,False
PREG202411060170,5056.2,REGLAMENTACIÓN,5056.2.- Los dispositivos electrónicos portátiles que puedan causar interferencia con el sistema de navegación o comunicación no se pueden operar en aeronaves civiles registradas en el Estado:,bajo vuelos IFR.,en operaciones especiales.,en cualquier porción del espacio aéreo nacional.,A,DownloadBalotario (6).pdf,False
PREG202411060171,5064,REGLAMENTACIÓN,5064.- ¿Cuáles son los requisitos de oxígeno cuando se opera en altitudes de presión de cabina superiores a los 13.000 pies MSL?,Debe haber oxígeno disponible para la tripulación de vuelo.,No se requiere oxígeno a ninguna altitud en un globo.,La tripulación de vuelo y los pasajeros deben recibir oxígeno suplementario.,C,DownloadBalotario (6).pdf,False
PREG202411060172,5065,REGLAMENTACIÓN,5065.- ¿Cuál es el equipo necesario para las aeronaves propulsadas durante los vuelos nocturnos VFR?,Sistema de luces anticolisión.,Indicador de dirección giroscópico.,Indicador giroscópico de inclinación.,A,DownloadBalotario (6).pdf,False
PREG202411060173,5066,REGLAMENTACIÓN,5066.- ¿Cuál es el equipo necesario que requieren las aeronaves propulsadas durante los vuelos nocturnos VFR?,Linterna con lente roja.,Una luz de aterrizaje eléctrica.,Altímetro sensible ajustable para presión barométrica.,B,DownloadBalotario (6).pdf,False
PREG202411060174,5067,REGLAMENTACIÓN,"5067.- Se requiere equipo de flotación individual aprobado, fácilmente disponible para cada ocupante, en cada aeronave si se vuela sobre el agua:",en aeronaves hidroavión a más de 50 NM de la costa.,más allá de la distancia de planeo desde la costa.,a más de 50 millas terrestres de la costa.,B,DownloadBalotario (6).pdf,False
PREG202411060175,5068.2,REGLAMENTACIÓN,"5068.2.- ¿Cuál es la afirmación correcta respecto a las limitaciones operativas de un avión de categoría ³ restringida ´""",Se requiere que un piloto de un avión de categoría restringida posea una licencia de piloto comercial.,Un avión de categoría restringida está limitado a un radio de operación de 25 millas desde su base de operaciones.,Ninguna persona puede operar un avión de categoría restringida que transporte pasajeros o propiedades por remuneración o arrendamiento.,C,DownloadBalotario (6).pdf,False
PREG202411060176,5068.3,REGLAMENTACIÓN,5068.3.- ¿Cuál es la afirmación correcta respecto a las limitaciones operativas de un avión de categoría 'primaria'?,Un avión de categoría 'primaria' está limitado a un radio operativo específico desde su base de operaciones.,Ninguna persona puede operar un avión de categoría 'primaria' que transporte pasajeros o propiedad por remuneración o arrendamiento.,Un piloto de un avión de categoría 'primaria' debe tener una licencia de piloto comercial cuando transporta pasajeros por remuneración o arrendamiento.,B,DownloadBalotario (6).pdf,False
PREG202411060177,5068.4,REGLAMENTACIÓN,5068.4.- Las limitaciones operativas de una aeronave se pueden encontrar en el:,manual de vuelo de la aeronave aprobado por la AAC.,manual del propietario publicado por el fabricante de la aeronave.,"manual de vuelo de la aeronave aprobado, marcas, listas y placas o cualquier combinación de los mismos.",C,DownloadBalotario (6).pdf,False
PREG202411060178,5069,REGLAMENTACIÓN,5069.- El transporte de pasajeros:,"no está autorizado en una aeronave de categoría ""utilitaria"".",no está autorizado en una aeronave de categoría 'limitada'.,está autorizado en aeronaves de categoría 'restringida'.,B,DownloadBalotario (6).pdf,False
PREG202411060179,5070,REGLAMENTACIÓN,5070.- El tiempo acumulado máximo que se puede operar un transmisor localizador de emergencia antes de que se deba recargar la batería recargable es:,30 minutos.,45 minutos.,60 minutos.,C,DownloadBalotario (6).pdf,False
PREG202411060180,5074,REGLAMENTACIÓN,"5074.- Mientras está en vuelo, un helicóptero y un avión convergen en un ángulo de 90°, y el helicóptero está ubicado a la derecha del avión. ¿Qué aeronave tiene el derecho de paso y por qué?","El helicóptero, porque está a la derecha del avión.","El helicóptero, porque los helicópteros tienen preferencia sobre los aviones.","El avión, porque los aviones tienen preferencia sobre los helicópteros.",A,DownloadBalotario (6).pdf,False
PREG202411060181,5075,REGLAMENTACIÓN,5075.- Dos aeronaves de la misma categoría se acercan a un aeropuerto con el propósito de aterrizar. El derecho de paso pertenece a la aeronave:,a mayor altitud.,"a menor altitud, pero el piloto no se beneficiará de esta regla para cortar al frente o adelantar a la otra aeronave.","que es más maniobrable, y que la aeronave puede, con precaución, adelantarse o adelantar a la otra aeronave.",B,DownloadBalotario (6).pdf,False
PREG202411060182,5076.1,REGLAMENTACIÓN,5076.1.- El avión A está adelantando al avión B. ¿Qué avión tiene el derecho de paso?,Avión A; el piloto debe cambiar de rumbo a la derecha para adelantar.,Avión B; el piloto debe esperar que lo rebasen por la derecha.,Avión B; el piloto debe esperar que lo rebasen por la izquierda.,B,DownloadBalotario (6).pdf,False
PREG202411060183,5076.2,REGLAMENTACIÓN,5076.2.- Un avión adelanta a un helicóptero. ¿Qué aeronave tiene el derecho de paso?,Helicóptero; el piloto debe esperar que lo rebasen por la derecha.,Avión; el piloto del avión debe cambiar de rumbo hacia la izquierda para adelantar.,Helicóptero; el piloto debe esperar que lo rebasen por la izquierda.,A,DownloadBalotario (6).pdf,False
PREG202411060184,5076.3,REGLAMENTACIÓN,"5076.3.- Durante una operación nocturna, el piloto de la aeronave # 1 solo ve la luz verde de la aeronave # 2. Si la aeronave está convergiendo, ¿qué piloto tiene el derecho de paso? El piloto de la aeronave:",# 2; la aeronave # 2 está a la izquierda de la aeronave # 1.,# 2; la aeronave # 2 está a la derecha de la aeronave # 1.,# 1; la aeronave # 1 está a la derecha de la aeronave # 2.,C,DownloadBalotario (6).pdf,False
PREG202411060185,5076.4,REGLAMENTACIÓN,5076.4.- Un piloto que vuela un avión monomotor observa un avión multimotor acercándose por la izquierda. ¿Qué piloto debería ceder el paso?,El piloto del avión multimotor debería ceder; el avión monomotor está a su derecha.,El piloto del avión monomotor debe ceder el paso; el otro avión está a la izquierda.,Cada piloto debe cambiar de rumbo hacia la derecha.,A,DownloadBalotario (6).pdf,False
PREG202411060186,5076.5,REGLAMENTACIÓN,5076.5.- Un avión converge con un helicóptero. ¿Qué aeronave tiene el derecho de paso?,El avión de la izquierda.,El avión de la derecha.,El más rápido de los dos aviones.,B,DownloadBalotario (6).pdf,False
PREG202411060187,5080.1,REGLAMENTACIÓN,"5080.1.- Si no está equipado con las luces de navegación requeridas, una aeronave debe terminar el vuelo:",al atardecer.,30 minutos después de la puesta del sol.,1 hora después de la puesta del sol.,A,DownloadBalotario (6).pdf,False
PREG202411060188,5080.2,REGLAMENTACIÓN,"5080.2.- Si una aeronave no está equipada con un sistema de luces anticolisión, ninguna persona puede operar esa aeronave:",después del atardecer hasta el amanecer.,después del anochecer.,1 hora después de la puesta del sol.,A,DownloadBalotario (6).pdf,False
PREG202411060189,5093,REGLAMENTACIÓN,5093.- ¿Quién es el principal responsable de mantener una aeronave en condiciones de aeronavegabilidad?,El mecánico principal responsable de esa aeronave.,El piloto al mando u operador.,El propietario o el explotador de la aeronave.,C,DownloadBalotario (6).pdf,False
PREG202411060190,5095,REGLAMENTACIÓN,"5095.- Después de que se haya completado una inspección anual y la aeronave se haya vuelto a poner en servicio, se debe realizar una anotación adecuada:",en el certificado de aeronavegabilidad.,en los registros de mantenimiento de la aeronave.,en el manual de vuelo aprobado por la AAC.,B,DownloadBalotario (6).pdf,False
PREG202411060191,5096.1,REGLAMENTACIÓN,5096.1.- ¿Qué regulaciones existen en los términos y condiciones de un certificado de aeronavegabilidad estándar?,"LAR 21, 31, 43 y 91.","LAR 21, 61 y 91.","LAR 21, 43 y 91.",C,DownloadBalotario (6).pdf,False
PREG202411060192,5097,REGLAMENTACIÓN,"5097.- Si la operación de una aeronave en vuelo ha sido afectada sustancialmente por una alteración o reparación, los documentos de la aeronave deben demostrar que ésta ha sido objeto de un vuelo de comprobación y cuenta con la aprobación para retornar al servicio por parte de un piloto con la calificación adecuada antes de ser operada:",bajo las reglas VFR o IFR.,con pasajeros a bordo.,Por remuneración o arrendamiento.,B,DownloadBalotario (6).pdf,False
PREG202411060193,5099,REGLAMENTACIÓN,"5099.- Una aeronave que transporta pasajeros por contrato ha estado en un programa de inspección cada 100 horas de tiempo en servicio. ¿Bajo qué condición, si corresponde, puede esa aeronave operar más allá de las 100 horas sin una nueva inspección?",La aeronave puede volar para cualquier vuelo siempre que el tiempo en servicio no haya excedido las 110 horas.,La aeronave puede enviarse para un vuelo de cualquier duración siempre que no se hayan excedido las 100 horas en el momento de la salida.,El límite de 100 horas puede excederse en no más de 10 horas si es necesario para llegar a un lugar en el que se pueda realizar la inspección.,C,DownloadBalotario (6).pdf,False
PREG202411060194,5100,REGLAMENTACIÓN,5100.- ¿Cuál afirmación es correcta con respecto a las inspecciones de mantenimiento requeridas?,Una inspección de 100 horas puede sustituirse por una inspección anual.,Una inspección anual puede sustituirse por una inspección de 100 horas.,Se requiere una inspección anual incluso si se ha aprobado un sistema de inspección progresiva.,B,DownloadBalotario (6).pdf,False
PREG202411060195,5101,REGLAMENTACIÓN,"5101.- No se debe usar un transpondedor ATC a menos que haya sido probado, inspeccionado y se haya determinado que cumple con las regulaciones dentro de los:",30 días.,12 meses.,24 meses.,C,DownloadBalotario (6).pdf,False
PREG202411060196,5102,REGLAMENTACIÓN,5102.- Los registros de mantenimiento de la aeronave deben incluir el estado actual del:,certificado de aeronavegabilidad aplicable.,partes con vida útil limitada únicamente del motor y la estructura del avión.,"partes de vida útil limitada de cada fuselaje, motor, hélice, rotor y componente de aeronave.",C,DownloadBalotario (6).pdf,False
PREG202411060197,5103,REGLAMENTACIÓN,5103.- ¿Cuál afirmación es cierta en relación con las Directivas de aeronavegabilidad (AD)?,"Las AD son de carácter consultivo y, por lo general, no se tratan de inmediato.",El incumplimiento de los AD hace que una aeronave no esté en condiciones de volar.,El cumplimiento de los AD es responsabilidad del personal de mantenimiento.,B,DownloadBalotario (6).pdf,False
PREG202411060198,5105,REGLAMENTACIÓN,"5105.- Si un transpondedor ATC instalado en una aeronave no ha sido probado, inspeccionado y no cumple con las regulaciones dentro de un período específico, ¿cuál es la limitación de su uso?",No se permite su uso.,Se puede utilizar en el espacio aéreo de Clase G.,Puede usarse solo para vuelos VFR.,A,DownloadBalotario (6).pdf,False
PREG202411060199,A5107,REGLAMENTACIÓN,"A5107.- Para servir como piloto al mando de un avión certificado para más de un piloto y operado bajo LAR 91, una persona debe:",completar un repaso de vuelo dentro de los 24 meses calendario anteriores.,recibir y registrar entrenamiento en tierra y en vuelo con un instructor de vuelo autorizado.,completar una verificación de competencia de piloto al mando dentro de los seis meses calendario anteriores en un avión con certificación de tipo para más de un piloto.,C,DownloadBalotario (6).pdf,False
PREG202411060200,5110.1,REGLAMENTACIÓN,"5110.1.- Las regulaciones de operación para aviones civiles requieren que, durante el movimiento en la superficie, despegues y aterrizajes, un cinturón de seguridad y un arnés para hombros (si están instalados) deben estar debidamente asegurados:",solo para miembros de la tripulación de vuelo.,personas a bordo.,tripulantes de vuelo y de cabina.,B,DownloadBalotario (6).pdf,False
PREG202411060201,5111,REGLAMENTACIÓN,5111.- Ninguna persona puede operar una aeronave en condiciones de vuelo por instrumentos simulados a menos que:,el otro asiento de control está ocupado por al menos un piloto comercial debidamente calificado.,el piloto ha presentado un plan de vuelo IFR y ha recibido una autorización IFR.,"el otro asiento de control está ocupado por un piloto de seguridad, que posee al menos un certificado de piloto privado y está debidamente calificado.",C,DownloadBalotario (6).pdf,False
PREG202411060202,5112,REGLAMENTACIÓN,5112.- Si la velocidad mínima segura para cualquier operación en particular es mayor que la velocidad máxima prescrita en LAR 91:,El operador debe tener un Memorando de Acuerdo (MOA) con la agencia controladora.,las aeronaves pueden operar a esa velocidad.,El operador debe tener una carta de acuerdo con ATC.,B,DownloadBalotario (6).pdf,False
PREG202411060203,5126,REGLAMENTACIÓN,"5126.- Una persona con licencia de piloto comercial puede actuar como piloto al mando de una aeronave que transporta personas o bienes a cambio de una remuneración o por arrendamiento, si esa persona:",posee las habilitaciones de categoría y clase apropiadas y cumple con los requisitos de experiencia de vuelo recientes de LAR 61.,está calificado de acuerdo con LAR 61 y con las normas aplicables a la operación.,está calificado de acuerdo con LAR 61 y ha pasado una verificación de competencia de piloto otorgada por un piloto de verificación autorizado.,B,DownloadBalotario (6).pdf,False
PREG202411060204,5129,REGLAMENTACIÓN,5129.- Ninguna persona puede operar una aeronave que tenga un certificado de aeronavegabilidad experimental:,bajo las reglas de vuelo por instrumentos (IFR).,al transportar propiedades por contrato.,para transportar personas o bienes por remuneración.,C,DownloadBalotario (6).pdf,False
PREG202411060205,5477,REGLAMENTACIÓN,"5477.- Ha realizado 25 despegues y aterrizajes en aviones terrestres multimotor en los últimos 45 días. Para un vuelo que planea realizar hoy, ¿esto cumple con los requisitos de experiencia reciente de PIC para transportar pasajeros en qué aviones?",Multimotor o monomotor.,Avión monomotor.,Avión multimotor.,C,DownloadBalotario (6).pdf,False
PREG202411060206,5547,REGLAMENTACIÓN,5547.- Está realizando la verificación previa de una aeronave y observa que la última inspección del transmisor del localizador de emergencia fue hace 11 meses calendario. Puede:,"partir, si obtiene un permiso de vuelo especial.","partir, porque el ELT está dentro de los requisitos de inspección.",no partir hasta que se lleve a cabo una nueva inspección.,B,DownloadBalotario (6).pdf,False
PREG202411060207,5666,REGLAMENTACIÓN,5666.- ¿Cuál es la dirección general de movimiento de la otra aeronave si durante un vuelo nocturno observa una luz blanca fija y una luz roja giratoria delante y a su altitud? El otro avión está:,alejándose.,cruzando a tu izquierda.,acercándose a usted de frente.,A,DownloadBalotario (6).pdf,False
PREG202411060394,5398,SERVICIOS METEOROLÓGICOS,"5398.- Durante la preparación previa al vuelo, la mejor forma de obtener los pronósticos del informe meteorológico es comunicándose con:",la oficina de previsión meteorológica (WFD).,el centro de control de tráfico de rutas aéreas.,el servicio.,A,DownloadBalotario (7).pdf,False
PREG202411060395,5399,SERVICIOS METEOROLÓGICOS,5399.- La información meteorológica más actualizada en ruta y destino para un vuelo por instrumentos debe obtenerse de:,servicio de vuelo.,emisión ATIS.,NOTAM.,A,DownloadBalotario (7).pdf,False
PREG202411060396,5402,SERVICIOS METEOROLÓGICOS,5402 .- La sección de comentarios de un informe meteorológico rutinario de aeródromo (METAR) contiene la siguiente información codificada. ¿Qué significa? RMK FZDZB 42 WSHFT 30 FROPA,"Llovizna helada con bases de nubes por debajo de los 4,200 pies.",Llovizna helada por debajo de los 4.200 pies y cizalladura del viento.,Cambio de viento a tres cero por paso frontal.,C,DownloadBalotario (7).pdf,False
PREG202411060397,5403,SERVICIOS METEOROLÓGICOS,5403.- ¿Qué se entiende por observación meteorológica METAR especial para KBOI? ESPECI KBOI 091854Z 32005KT 1 1/2SM RA BR OVC007 17/16 A2990 RMK RAB12,La lluvia y la niebla oscurecen dos décimas partes del cielo; la lluvia comenzó a las 1912Z.,Lluvia y neblina que obstruyen la visibilidad; la lluvia comenzó a las 1812Z.,Lluvia y nubes a 1200 pies AGL.,B,DownloadBalotario (7).pdf,False
PREG202411060398,5404,SERVICIOS METEOROLÓGICOS,"5404.- La estación que origina la siguiente observación METAR tiene una elevación de campo de 3,500 pies MSL. Si la cubertura del cielo es una capa continua, ¿cuál es el grosor de la capa de nubes? (Parte superior de las nubes reportado a 7.500 pies MSL). METAR KHOB 151250Z 17006KT 4SM OVC005 13/11 A2998:","2,500 pies.","3,500 pies.","4,000 pies.",B,DownloadBalotario (7).pdf,False
PREG202411060399,5405,SERVICIOS METEOROLÓGICOS,5405.- ¿Qué condiciones de viento prevería cuando se reporten tormentas en su destino?,Variaciones rápidas en la velocidad del viento de 15 nudos o más entre picos y calma.,Ráfagas máximas de al menos 35 nudos combinadas con un cambio en la dirección del viento de 30° o más.,Aumentos repentinos de la velocidad del viento de al menos 16 nudos a una velocidad sostenida de 22 nudos o más durante al menos 1 minuto.,C,DownloadBalotario (7).pdf,False
PREG202411060400,5406,SERVICIOS METEOROLÓGICOS,5406 .- ¿Qué cobertura de nubes significativa es reportada por este informe del piloto? KMOB UA / OV 15 NW MOB 1340 Z / SK OVC-TOP 025 / OVC 045 - TOP 090,"Existen tres (3) capas de nubes separadas con bases a 250, 7,500 y 9,000 pies.","La parte superior de las nubes bajas es de 2,500 pies; la base y la parte superior de la segunda capa de nubes es de 4.500 y 9.000 pies, respectivamente.","La base de la segunda capa de nubes es de 2,500 pies; la parte superior de la segunda capa nubes es de 7.500 pies; La base de la tercera capa es de 9.000 pies.",B,DownloadBalotario (7).pdf,False
PREG202411060401,5407,SERVICIOS METEOROLÓGICOS,"5407.- Para determinar mejor las condiciones meteorológicas observadas entre las estaciones de informes meteorológicos, el piloto debe consultar:",informes de pilotos.,pronósticos del área.,mapas de pronóstico.,A,DownloadBalotario (7).pdf,False
PREG202411060402,5409,SERVICIOS METEOROLÓGICOS,5409.- ¿Cuál es el significado de los términos PROB40 2102 + TSRA tal como se utilizan en los pronósticos de aeródromo de una terminal (TAF)?,Probabilidad de tormentas eléctricas fuertes con chubascos de lluvia por debajo de 4000 pies en el momento 2102.,Entre las 2100Z y las 0200Z hay un cuarenta por ciento (40%) de probabilidad de tormentas eléctricas con lluvia intensa.,"A partir de las 2102Z, cuarenta por ciento (40%) de probabilidad de tormentas eléctricas fuertes y chubascos de lluvia.",B,DownloadBalotario (7).pdf,False
PREG202411060403,5410,SERVICIOS METEOROLÓGICOS,5410.- ¿Qué significa la contracción VRB en el Pronóstico de Aeródromo Terminal (TAF)?,La velocidad del viento es variable a lo largo del período.,La base de las nubes es variable.,La dirección del viento es variable.,C,DownloadBalotario (7).pdf,False
PREG202411060404,5411,SERVICIOS METEOROLÓGICOS,5411 .- ¿Cuál afirmación relativa al siguiente pronóstico de aeródromo terminal (TAF) es verdadera? TAF KMEM 091135 Z 0915 15005 KT 5 SM HZ BKN 060 FM 1600 VRB 04 KT P 6 SM SKC,El viento en el período válido implica que se pronostica que los vientos en la superficie serán superiores a 5 KTS.,La dirección del viento es de 160 ° a 4 KTS y la visibilidad reportada es de 6 millas terrestres.,SKC en el período válido indica que no hay tiempo significativo y cielo despejado.,C,DownloadBalotario (7).pdf,False
PREG202411060405,5412,SERVICIOS METEOROLÓGICOS,"5412 .- En el siguiente METAR / TAF para HOU, ¿cuál es el techo y visibilidad pronosticada para el séptimo día del mes a las 0600 Z? KHOU 061734 Z 0618/0718 16014 G 22 KT P 6 SM VCSH BKN 018 BKN 035 FM 070100 17010 KT P 6 SM BKN 015 OVC 025 FM 070500 17008 KT 4 SM BR SCT 008 OVC 012 FM 071000 18005 KT 3 SM BR OVC 007 FM 071500 23008 KT 5 SM BR VCSH SCT 008 OVC 015 :","Visibilidad de 6 millas con un techo fracturado a 15,000 pies MSL.",A 4 millas náuticas de visibilidad y cielo cubierto a 700 pies MSL.,Visibilidad de 4 millas terrestres y cielo cubierto a 1200 pies AGL.,C,DownloadBalotario (7).pdf,False
PREG202411060406,5413,SERVICIOS METEOROLÓGICOS,5413.- ¿Cuántas veces al día se emiten los pronósticos de aeródromo terminal (TAF) y qué período de tiempo cubren?,Cuatro veces al día y suelen tener una validez de 24 horas.,"Seis veces al día y generalmente son válidas por un período de 24 horas, incluyendo un pronóstico certero de 4 horas.","Cuatro veces al día y son válidos por 12 horas, incluyendo un pronóstico certero de 6 horas.",A,DownloadBalotario (7).pdf,False
PREG202411060407,5414,SERVICIOS METEOROLÓGICOS,"5414.- Para determinar mejor el pronóstico general de las condiciones meteorológicas que cubren la información de vuelo en una región, el piloto debe referirse a:",gráficos de pronósticos para la aviación (GFA).,mapas de representación meteorológica.,mapas de satélite.,A,DownloadBalotario (7).pdf,False
PREG202411060408,5417,SERVICIOS METEOROLÓGICOS,"5417.- ¿Qué tipo de avisos meteorológicos a bordo provee a un piloto en ruta, con información acerca de la posibilidad de engelamiento moderado, turbulencia moderada, vientos de 30 nudos o más en la superficie y un extensivo oscurecimiento de las montañas?",SIGMETS y SIGMETS convectivos.,Alertas de pronóstico de tiempo severo (AWW) y SIGMETS.,AIRMETS y Centro de Advertencias Meteorológicas (CWA).,C,DownloadBalotario (7).pdf,False
PREG202411060409,5418,SERVICIOS METEOROLÓGICOS,5418.- ¿Qué referencia única contiene información sobre una erupción volcánica que está ocurriendo o se espera que ocurra?,Avisos meteorológicos durante el vuelo.,Pronósticos del área terminal (TAF).,Mapas de representación del tiempo.,A,DownloadBalotario (7).pdf,False
PREG202411060410,5423,SERVICIOS METEOROLÓGICOS,5423.- ¿Cuál describe correctamente el propósito de los SIGMET convectivos (WST)?,"Consisten en una observación cada hora de tornados, actividad significativa de tormentas y gran actividad de granizo.",Contienen tanto una observación como un pronóstico de toda la actividad de tormentas eléctricas y granizo. El pronóstico es válido solo por 1 hora.,"Consisten tanto en una observación y pronóstico, o solo en un pronóstico de tornados, actividad significativa de tormentas eléctricas o granizo mayor o igual a 3/4 de pulgada de diámetro.",C,DownloadBalotario (7).pdf,False
PREG202411060411,5424,SERVICIOS METEOROLÓGICOS,5424.- ¿Qué valores se utilizan para los Pronósticos de Vientos Altos?,Dirección verdadera y MPH.,Dirección verdadera y nudos.,Dirección magnética y nudos.,B,DownloadBalotario (7).pdf,False
PREG202411060412,5422.1,SERVICIOS METEOROLÓGICOS,5422.1.- Los SIGMET se emiten como una advertencia de condiciones climáticas que son peligrosas.,a todos los aviones.,particularmente a aviones pesados.,particularmente a aviones ligeros.,A,DownloadBalotario (7).pdf,False
PREG202411060413,5425,SERVICIOS METEOROLÓGICOS,"5425.- En el cuadro de análisis de superficie, las líneas continuas que representan los patrones de presión a nivel del mar se denominan:",Isobaras.,Isogónicas.,Milibares.,A,DownloadBalotario (7).pdf,False
PREG202411060414,5426,SERVICIOS METEOROLÓGICOS,"5426.- Las líneas discontinuas en una carta de análisis de superficie, si se muestran, indican que el gradiente de presión es:",débil.,fuerte.,inestable.,A,DownloadBalotario (7).pdf,True
PREG202411060415,5427,SERVICIOS METEOROLÓGICOS,5427.- ¿Qué carta proporciona un medio fácil de localizar las posiciones frontales y los centros de presión observados?,Carta de análisis de superficie.,Carta de análisis de presión constante.,Carta de representación meteorológica.,A,DownloadBalotario (7).pdf,True
PREG202411060416,5428,SERVICIOS METEOROLÓGICOS,"5428.- En una carta de análisis de superficie, el espaciado estrecho de las isobaras indica:",gradiente de presión débil.,fuerte gradiente de presión.,fuerte gradiente de temperatura.,B,DownloadBalotario (7).pdf,True
PREG202411060417,5429,SERVICIOS METEOROLÓGICOS,5429.- La carta de análisis de superficie muestra:,"ubicaciones frontales y movimiento esperado, centros de presión, cobertura de nubes y obstrucciones a la visión en el momento de la transmisión de la carta.","posiciones frontales reales, patrones de presión, temperatura, punto de rocío, viento, clima y obstrucciones a la visión en el momento válido de la carta.","distribución real de la presión, sistemas frontales, alturas y cobertura de las nubes, temperatura, punto de rocío y viento en el momento que se muestra en la carta.",B,DownloadBalotario (7).pdf,True
PREG202411060418,5433,SERVICIOS METEOROLÓGICOS,5433.- ¿Qué carta meteorológica muestra las condiciones pronosticadas a existir en un momento específico en el futuro?,Carta de niveles de congelación.,Carta de representación meteorológica.,Carta de pronóstico del tiempo significativo de 12 horas.,C,DownloadBalotario (7).pdf,True
PREG202411060419,5434,SERVICIOS METEOROLÓGICOS,5434.- ¿Qué fenómeno meteorológico está implícito dentro de un área delimitada por pequeñas líneas onduladas en una carta de pronóstico meteorológico significativo de nivel superior?,"Nubes uniformes, formación de hielo, turbulencia de leve a moderada.","Nubes cumulonimbus, engelamiento y turbulencia de moderada o mayor.","Nubes lenticulares estacionarias o cumuliformes, turbulencia de moderada a severa y formación de hielo.",B,DownloadBalotario (7).pdf,True
PREG202411060420,5435,SERVICIOS METEOROLÓGICOS,5435.- ¿La carta de pronóstico del tiempo significativo de nivel superior pronostica un tiempo significativo para qué espacio aéreo?,18.000 pies a 45.000 pies.,24.000 pies a 45.000 pies.,24.000 pies a 63.000 pies.,C,DownloadBalotario (7).pdf,True
PREG202411060421,5436,SERVICIOS METEOROLÓGICOS,5436.- ¿Cuál es el límite superior de la carta de pronóstico del tiempo significativo de bajo nivel?,"30,000 pies.","24,000 pies.","18,000 pies.",B,DownloadBalotario (7).pdf,True
PREG202411060422,5439,SERVICIOS METEOROLÓGICOS,5439.- La diferencia encontrada al restar la temperatura de una parcela de aire teóricamente elevada de la superficie a 500 milibares y la temperatura existente a 500 milibares se llama:,índice elevado.,índice negativo.,índice positivo.,A,DownloadBalotario (7).pdf,False
PREG202411060423,5440,SERVICIOS METEOROLÓGICOS,5440.- La eclosión en una carta de análisis de presión constante indica:,ojo del huracán.,velocidad del viento de 70 nudos a 110 nudos.,velocidad del viento de 110 nudos a 150 nudos.,B,DownloadBalotario (7).pdf,True
PREG202411060424,5441,SERVICIOS METEOROLÓGICOS,5441.- ¿Qué información de planificación de vuelo puede obtener un piloto de una carta de análisis de presión constante?,Vientos y temperaturas en niveles superiores.,Turbulencia de aire claro y condiciones de formación de hielo.,Sistemas frontales y obstrucciones a la visión en altura.,A,DownloadBalotario (7).pdf,True
PREG202411060425,5442,SERVICIOS METEOROLÓGICOS,"5442.- ¿A partir de cuál de las siguientes opciones se puede determinar la temperatura, el viento y punto de rocío observados a una altitud específica?",Cartas de estabilidad.,Pronósticos de vientos en altura.,Cartas de análisis de presión constante.,C,DownloadBalotario (7).pdf,False
PREG202411060426,5443,SERVICIOS METEOROLÓGICOS,5443.- El valor mínimo de cortantes de viento crítico para una posible turbulencia moderada o severa es:,"4 nudos por cada 1,000 pies.","6 mudos por cada 1,000 pies.","8 nudos por cada 1,000 pies.",B,DownloadBalotario (7).pdf,False
PREG202411060427,5444,SERVICIOS METEOROLÓGICOS,5444.- Un piloto que reporta turbulencias que provocan momentáneamente cambios leves y erráticos en la altitud y / o actitud debe reportarlo como:,corte ligero.,turbulencia ligera.,turbulencia moderada.,B,DownloadBalotario (7).pdf,False
PREG202411060428,5445,SERVICIOS METEOROLÓGICOS,"5445.- Cuando la turbulencia provoca cambios en la altitud y/o actitud, pero el control de la aeronave sigue siendo positivo, se debe informar como:",ligera.,severa.,moderada.,C,DownloadBalotario (7).pdf,False
PREG202411060429,5446,SERVICIOS METEOROLÓGICOS,"5446.- La turbulencia que se encuentre por encima de los 15,000 pies AGL no asociada con nubosidad cuculiforme, incluidas las tormentas eléctricas, debe informarse como:",turbulencia severa.,turbulencia de aire claro.,turbulencia convectiva.,B,DownloadBalotario (7).pdf,False
PREG202411060430,5560,SERVICIOS METEOROLÓGICOS,"5560.- Las transmisiones de avisos meteorológicos, incluidas las alertas de pronóstico meteorológico severo (AWW), los SIGMET y los SIGMET convectivos son proporcionados por:","ARTCC´s en todas las frecuencias, excepto de emergencia, cuando cualquier parte del área descrita se encuentre dentro de las 150 millas del espacio aéreo bajo su jurisdicción.","servicio de vuelo en 122.2 MHz y VORS adyacentes, cuando cualquier parte del área descrita se encuentre dentro de las 200 millas del espacio aéreo bajo su jurisdicción.",ayudas a la navegación baja frecuencia seleccionadas y / o VOR.,A,DownloadBalotario (7).pdf,False
PREG202411060431,5988,SERVICIOS METEOROLÓGICOS,"5988.- ¿Cuál es el espesor de la capa de nubes dada una elevación del campo de 1,500 pies MSL con la parte superior del cielo cubierto a 7,000 pies MSL? METAR KHOB 151250Z 17006KT 4SM OVC010 13/11 A2998","4,500 pies.","6,500 pies.","5,500 pies.",A,DownloadBalotario (7).pdf,False
PREG202411060432,5989,SERVICIOS METEOROLÓGICOS,5989.- ¿Cuál es la base de la capa nublada más baja en el siguiente informe piloto? KMOB UA / OV APE230010 / TM 1515 / FL085 / TP BE20 / SK BKN065 / WX FV03SM HZ FU / TQ 20 / TB LGT,No hay un límite máximo definido en este informe.,Hay una capa reportada a 8.500 pies.,Hay una capa de nubes fragmentada a 6.500 pies.,C,DownloadBalotario (7).pdf,False
PREG202411060082,5169,SISTEMAS DE AERONAVES,"5169.- Antes del apagado, a mínima potencia, la llave de ignición se selecciona momentáneamente a apagado. El motor continúa encendido sin interrupción; esto:",es normal porque el motor generalmente se detiene moviendo la mezcla al corte de ralentí.,normalmente no debería suceder. Indica que un magneto no está conectado a tierra en la posición apagado.,"es una práctica indeseable, pero indica que nada está mal.",B,DownloadBalotario (8).pdf,False
PREG202411060083,5170,SISTEMAS DE AERONAVES,5170.- Dejar el calentador del carburador encendido durante el despegue:,empobrece la mezcla para obtener más potencia en el despegue.,disminuirá la distancia de despegue.,incrementará la distancia de la carrera de despegue.,C,DownloadBalotario (8).pdf,False
PREG202411060084,5171,SISTEMAS DE AERONAVES,5171.- Una forma de detectar un cable de tierra primario roto del magneto es:,poner el motor en ralentí y seleccionar la ignición en apagado.,"ajustar máxima potencia, mientras mantiene presionado los frenos y selecciona momentáneamente la ignición en apagado.","opere con solo un magneto, empobrezca la mezcla y busque un aumento en la presión del colector.",A,DownloadBalotario (8).pdf,False
PREG202411060085,5172,SISTEMAS DE AERONAVES,5172.- Es más probable que se ensucien las bujías si la aeronave:,gana altitud sin ajuste de mezcla.,descensos sin ajuste de mezcla.,el acelerador se avanza muy abruptamente.,A,DownloadBalotario (8).pdf,False
PREG202411060086,5173,SISTEMAS DE AERONAVES,5173.- La razón más probable por la que un motor sigue funcionando después de seleccionar la ignición a apagado es:,el depósito de carbón que brillan en las bujías.,un cable de tierra del magneto está en contacto con la carcasa del motor.,un cable de tierra de magneto roto.,C,DownloadBalotario (8).pdf,False
PREG202411060087,5174,SISTEMAS DE AERONAVES,"5174.- Si el cable de tierra entre el magneto y el interruptor de encendido se desconecta, el motor:",no funcionará un magneto.,no se puede iniciar con el interruptor en la posición de BOTH.,podría arrancar accidentalmente si la hélice se mueve con combustible en el cilindro.,C,DownloadBalotario (8).pdf,False
PREG202411060088,5175,SISTEMAS DE AERONAVES,"5175.- Para el enfriamiento interno, los motores recíprocos de la aeronave dependen especialmente de:",un aumentador de cowl flaps que funcione correctamente.,la circulación de aceite lubricante.,la razón adecuada de freón/compresor a la salida.,B,DownloadBalotario (8).pdf,False
PREG202411060089,5176,SISTEMAS DE AERONAVES,5176.- El piloto controla la razón de aire/combustible con:,acelerador.,presión en el colector.,control de mezcla.,C,DownloadBalotario (8).pdf,False
PREG202411060090,5183,SISTEMAS DE AERONAVES,5183.- ¿Qué enunciado describe mejor el principio operativo de una hélice de velocidad constante o de paso variable?,"A medida que el piloto cambia el ajuste del acelerador, el gobernador de hélice hace que el ángulo de paso de las palas de la hélice permanezca sin cambios.","Un ángulo de pala alto, o un mayor ángulo de inclinación reduce la resistencia de la hélice y permite más potencia del motor para los despegues.","El control de la hélice regula las RPM del motor y, a su vez, las RPM de la hélice.",C,DownloadBalotario (8).pdf,False
PREG202411060091,5184,SISTEMAS DE AERONAVES,"5184.- En aeronaves equipadas con hélices de velocidad constante/paso variable y motores de aspiración normal, ¿Qué procedimiento se debe utilizar para evitar una tensión indebida en los componentes del motor? Cuando la potencia está siendo:","disminuida, reduzca las RPM antes de reducir la presión del colector.","aumentada, incrementa las RPM antes de aumentar la presión del colector.","aumentada o disminuida, las RPM deben ajustarse antes que la presión del colector.",B,DownloadBalotario (8).pdf,False
PREG202411060092,5185.1,SISTEMAS DE AERONAVES,5185.1.- La detonación puede ocurrir en configuraciones de alta potencia cuando:,la mezcla de combustible se enciende instantáneamente en lugar de arder de manera progresiva y uniforme.,una mezcla de combustible excesivamente rica provoca una ganancia explosiva de potencia.,la mezcla de combustible se enciende demasiado pronto debido a los depósitos de carbón caliente en el cilindro.,A,DownloadBalotario (8).pdf,False
PREG202411060093,5186,SISTEMAS DE AERONAVES,5186.- El encendido no controlado de la carga de combustible/aire antes de la ignición normal por chispa se conoce como:,combustión instantánea.,detonación.,preignicion.,C,DownloadBalotario (8).pdf,False
PREG202411060094,5187,SISTEMAS DE AERONAVES,5187.- La razón combustible/aire es relacionada entre:,volumen de combustible y volumen de aire que entra en el cilindro.,peso del combustible y peso del aire que ingresa al cilindro.,peso de combustible y peso de aire que ingresa al carburador.,B,DownloadBalotario (8).pdf,False
PREG202411060095,5188,SISTEMAS DE AERONAVES,"5188.- El control de la mezcla se puede ajustar, lo cual:",evita que la combinación de combustible / aire se vuelva demasiado rica a mayores altitudes.,regula la cantidad de flujo de aire a través del Venturi del carburador.,. evita que la combinación de aire / combustible se empobrece a medida que el avión asciende.,A,DownloadBalotario (8).pdf,False
PREG202411060096,5189,SISTEMAS DE AERONAVES,5189.- ¿Qué afirmación es verdadera con respecto a la aplicación del calentador al carburador?,Enriquece la mezcla combustible/aire.,Se empobrece la mezcla combustible/aire.,No tiene ningún efecto sobre la mezcla combustible/aire.,A,DownloadBalotario (8).pdf,False
PREG202411060097,5190,SISTEMAS DE AERONAVES,5190.- La detonación ocurre en un motor reciproco de una aeronave cuando:,hay un aumento explosivo de combustible causado por una mezcla de combustible / aire demasiado rico.,las bujías reciben una descarga eléctrica causada por un cortocircuito en el cableado.,la carga de combustible / aire sin quemar en los cilindros se somete a combustión instantánea.,C,DownloadBalotario (8).pdf,False
PREG202411060098,5235,SISTEMAS DE AERONAVES,5235.- La eficiencia de la hélice es:,la relación entre caballos de fuerza de potencia y caballos de fuerza de freno.,la distancia real que avanza una hélice en una revolución.,la relación entre el paso de geometría y el paso efectivo.,A,DownloadBalotario (8).pdf,False
PREG202411060099,5236,SISTEMAS DE AERONAVES,5236.- Una hélice de paso fijo está diseñada para obtener la mejor eficiencia solo con una combinación determinada de:,altitud y RPM.,velocidad aerodinámica y RPM.,velocidad aerodinámica y altitud.,B,DownloadBalotario (8).pdf,False
PREG202411060100,5237,SISTEMAS DE AERONAVES,5237.- La razón por la cual hay variación en el paso geométrico (torsión) a lo largo de una pala de una hélice es que:,permite un ángulo de incidencia relativamente constante a lo largo de su longitud en crucero.,evita que la parte de la pala más cercana al buje de la hélice entre en perdida durante el crucero.,permite un ángulo de ataque relativamente constante a lo largo de su longitud cuando está en vuelo de crucero.,C,DownloadBalotario (8).pdf,False
PREG202411060101,5271,SISTEMAS DE AERONAVES,5271.- Una desafinación de los contrapesos del cigüeñal del motor es una fuente de sobrecarga que puede ser causada por:,apertura y cierre rápidos del acelerador.,formación de hielo en la válvula mariposa en el carburador.,operar con una mezcla de combustible / aire excesivamente rico.,A,DownloadBalotario (8).pdf,False
PREG202411060102,5298,SISTEMAS DE AERONAVES,5298.- La mezcla que da la mejor potencia se obtiene con la razón de combustible/aire con la cual:,las temperaturas de la cabeza de cilindros de son las más frías.,se puede obtener la mayor potencia para cualquier ajuste del acelerador dado.,se puede obtener una potencia determinada con la mayor presión del colector o ajuste del acelerador.,B,DownloadBalotario (8).pdf,False
PREG202411060103,5299,SISTEMAS DE AERONAVES,5299.- Considere un motor de avión reciproco. La detonación puede ser causada por:,una mezcla ³ rica ´,bajas temperaturas del motor.,utilizar un grado de combustible inferior al recomendado.,C,DownloadBalotario (8).pdf,False
PREG202411060104,5606,SISTEMAS DE AERONAVES,5606.- ¿Qué puede pasar al aplicar calor al carburador?,No afecta la mezcla.,Inclinar la mezcla de combustible/aire.,Se enriquece la mezcla de combustible/aire.,C,DownloadBalotario (8).pdf,False
PREG202411060105,5607,SISTEMAS DE AERONAVES,5607.- Una indicación de temperatura del aceite del motor anormalmente alta puede ser causada por:,un rodamiento defectuoso.,el nivel de aceite es demasiado bajo.,operando con una mezcla excesivamente rica.,B,DownloadBalotario (8).pdf,False
PREG202411060106,5608,SISTEMAS DE AERONAVES,5608.- ¿Qué ocurre si no se empobrece con el control de mezcla a medida que aumenta la altitud?,El volumen de aire que ingresa al carburador disminuye y la cantidad de combustible disminuye.,La densidad del aire que ingresa al carburador disminuye y aumenta la cantidad de combustible.,La densidad del aire que ingresa al carburador disminuye y la cantidad de combustible permanece constante.,C,DownloadBalotario (8).pdf,False
PREG202411060107,5609,SISTEMAS DE AERONAVES,"5609.- A menos que se ajuste, la mezcla de aire/combustible se vuelve más rica con un aumento de altitud debido a que la cantidad de combustible:",disminuye mientras que el volumen de aire disminuye.,permanece constante mientras que el volumen de aire disminuye.,permanece constante mientras la densidad del aire disminuye.,C,DownloadBalotario (8).pdf,False
PREG202411060108,5610,SISTEMAS DE AERONAVES,5610.- El propósito básico de ajustar el control de mezcla de combustible / aire en altitud es para que:,disminuya el flujo de combustible para compensar la disminución de la densidad del aire.,disminuya la cantidad de combustible en la mezcla para compensar el aumento de la densidad del aire.,aumente la cantidad de combustible en la mezcla para compensar la disminución de la presión y la densidad del aire.,A,DownloadBalotario (8).pdf,False
PREG202411060109,5611,SISTEMAS DE AERONAVES,"5611.- En altitudes elevadas, una mezcla excesivamente rica provocará que:",el motor se sobrecaliente.,se ensucien las bujías.,el motor opere más suave a pesar de que se aumente el consumo de combustible.,B,DownloadBalotario (8).pdf,False
PREG202411060110,5653,SISTEMAS DE AERONAVES,5653.- Su avión tiene un sistema de calefacción de colector de escape. El colector del sistema de escape debería inspeccionarse periódicamente para evitar:,intoxicación por monóxido de carbono.,sobrecalentamiento en la cabina.,temperaturas extremadamente frías en la cabina.,A,DownloadBalotario (8).pdf,False
PREG202411060111,5654,SISTEMAS DE AERONAVES,"5654.- Para establecer un ascenso después del despegue en una aeronave equipada con una hélice de velocidad constante, el rendimiento del motor se reduce a la potencia de ascenso disminuyendo la presión del colector y:",aumentando las RPM disminuyendo el ángulo de la pala de la hélice.,disminuyendo las RPM disminuyendo el ángulo de la pala de la hélice.,disminuyendo las RPM aumentando el ángulo de la pala de la hélice.,C,DownloadBalotario (8).pdf,False
PREG202411060112,5766,SISTEMAS DE AERONAVES,"5766.- Durante el pre-vuelo en clima frio, las líneas de ventilación del cárter deben recibir atención especial porque son susceptibles de ser obstruidas por:",aceite congelado del cárter.,humedad del aire exterior que se ha congelado.,hielo de los vapores del cárter que se han condensado y posteriormente congelado.,C,DownloadBalotario (8).pdf,False
PREG202411060113,5667,SISTEMAS DE AERONAVES,5667.- Para desarrollar la máxima potencia y empuje una hélice de velocidad constante debe ajustarse a un ángulo de pala que produzca un:,gran ángulo de ataque y bajas revoluciones por minuto.,pequeño ángulo de ataque y altas revoluciones por minuto.,gran ángulo de ataque y altas revoluciones por minuto.,B,DownloadBalotario (8).pdf,False
PREG202411060114,5668,SISTEMAS DE AERONAVES,"5668.- Para el despegue, el ángulo de la pala de una hélice de paso variable debe establecerse en un:",pequeño ángulo de ataque y altas revoluciones por minuto.,gran ángulo de ataque y bajas revoluciones por minuto.,gran ángulo de ataque y altas revoluciones por minuto.,A,DownloadBalotario (8).pdf,False
PREG202411060115,5767,SISTEMAS DE AERONAVES,5767.- ¿Cuál es la verdad con respecto al precalentamiento de una aeronave durante las operaciones en clima frío?,El área de la cabina y el motor deben precalentarse.,El área de la cabina no debe precalentarse con calentadores portátiles.,Se debe soplar aire caliente directamente al motor a través de las tomas de aire.,A,DownloadBalotario (8).pdf,False
PREG202411060116,5813,SISTEMAS DE AERONAVES,5813.- ¿Qué se debe esperar al realizar un aterrizaje a favor del viento? La posibilidad de:,anticiparse al punto de aterrizaje previsto y una velocidad más alta en el aterrizaje.,sobrepasar el punto de aterrizaje previsto y una velocidad de tierra más alta en el momento de aterrizaje.,anticiparse al punto de aterrizaje previsto y una velocidad de tierra más alta en el momento del aterrizaje.,B,DownloadBalotario (8).pdf,False
PREG202411060001,5017,AERODINÁMICA BÁSICA,"5017.- ¿Si un avión es calificado de categoría utilitaria, significaría que este avión podría ser operado en cuál de las siguientes maniobras?","Acrobacias limitadas, excluyendo barrenas.","Acrobacias limitadas, incluyendo barrenas (Si se aprueba).",Cualquier maniobra excepto acrobáticas y barrenas.,B,DownloadBalotario.pdf,False
PREG202411060002,5151,AERODINÁMICA BÁSICA,5151.- La relación entre la carga aerodinámica total impuesta sobre el ala y el peso bruto de un avión en vuelo se conoce como:,factor de carga y afecta directamente la velocidad de pérdida.,factor de aspecto y afecta directamente la velocidad de pérdida.,factor de carga y este no tiene relación con la velocidad de pérdida.,A,DownloadBalotario.pdf,False
PREG202411060003,5152,AERODINÁMICA BÁSICA,5152.- El factor de carga es la sustentación generada por las alas de un avión en un momento dado:,dividido por el peso total del avión.,multiplicado por el peso total del avión.,dividido por el peso en vació del avión.,A,DownloadBalotario.pdf,False
PREG202411060004,5152.1,AERODINÁMICA BÁSICA,"5152.1- Mientras se ejecuta un giro nivelado a 60 grados, el avión tiene un factor de carga de 2,0. ¿Qué significa esto?",La carga total sobre la estructura del avión es dos veces su peso.,El factor de carga está por encima de la carga limite.,El factor de ráfagas es dos veces la carga limite total.,A,DownloadBalotario.pdf,False
PREG202411060005,5153,AERODINÁMICA BÁSICA,"5153.- Para cualquier ángulo de inclinación, en cualquier avión, el factor de carga impuesto en un giro coordinado con altitud constante:",es constante y la velocidad de pérdida incrementará.,varía con la tasa de giro.,es constante y la velocidad de pérdida disminuirá.,A,DownloadBalotario.pdf,False
PREG202411060006,5154,AERODINÁMICA BÁSICA,5154.- La carga del ala del avión durante un giro coordinado nivelado con vientos suaves depende de:,la tasa de giro.,el ángulo de banqueo.,la velocidad real del aire.,B,DownloadBalotario.pdf,False
PREG202411060007,5155,AERODINÁMICA BÁSICA,"5155.- En una recuperación rápida de una maniobra de picada, los efectos del factor de carga harían que la velocidad de pérdida:",incremente.,disminuye.,no varía.,A,DownloadBalotario.pdf,False
PREG202411060008,5156,AERODINÁMICA BÁSICA,"5156.- (Refiérase a la Figura 4). Si una aeronave con un peso bruto de 2000 libras se somete a un banqueo de 60° con altitud constante, la carga total será:","3,000 libras.","4,000 libras.","12,000 libras.",B,DownloadBalotario.pdf,True
PREG202411060009,5157,AERODINÁMICA BÁSICA,"5157.- Mientras se mantiene un ángulo de banqueo y altitud constante en un giro coordinado, un aumento de la velocidad del aire:",incrementa la tasa de giro resultante y disminuye el factor de carga.,disminuye la tasa de giro resultante y no cambia el factor de carga.,incrementa la tasa de giro resultante y no cambia el factor de carga.,B,DownloadBalotario.pdf,False
PREG202411060010,5158,AERODINÁMICA BÁSICA,5158.- La sustentación en un ala se define más adecuadamente como:,fuerza que actúa perpendicularmente al viento relativo.,diferencia de presiones actuando perpendicular sobre la cuerda del ala.,"presión reducida resultante de un flujo laminar sobre la curvatura superior de un perfil aerodinámico, que actúa perpendicularmente a la curvatura media.",A,DownloadBalotario.pdf,False
PREG202411060011,5159,AERODINÁMICA BÁSICA,"5159.- Mientras se mantiene el ángulo de banqueo constante en un giro nivelado, si la tasa de giro es variada, el factor de carga:",permanecerá constante con respecto a la densidad del aire y el vector de sustentación resultante.,variara en función de la velocidad y la densidad del aire proveniente de la resultante de la variación proporcional del vector de sustentación.,variara en función de la resultante del vector de sustentación.,A,DownloadBalotario.pdf,False
PREG202411060012,5160,AERODINÁMICA BÁSICA,5160.- La necesidad de reducir la velocidad de una aeronave por debajo de V(A) se produce por el siguiente fenómeno meteorológico:,"alta densidad por altitud, que incrementa la velocidad indicada de pérdida.","turbulencia, que causa incrementos en la velocidad de pérdida.","turbulencia, que causa una disminución en la velocidad de pérdida.",B,DownloadBalotario.pdf,False
PREG202411060013,5161,AERODINÁMICA BÁSICA,"5161.- En teoría, si la velocidad del aire de un avión se duplica mientras está en vuelo nivelado, la resistencia parásita será:",dos veces mayor,la mitad de grande.,cuatro veces más grande.,C,DownloadBalotario.pdf,False
PREG202411060014,5161.1,AERODINÁMICA BÁSICA,"5161.1- En teoría, si la velocidad del aire de una aeronave en vuelo nivelado es cortada a la mitad, el valor de la resistencia parásita será:",un tercio del valor.,la mitad del valor.,un cuarto del valor.,C,DownloadBalotario.pdf,False
PREG202411060015,5162,AERODINÁMICA BÁSICA,"5162.- A medida que la velocidad del aire disminuye en vuelo nivelado, por debajo de la velocidad en la cual ocurre la máxima relación L/D, la resistencia total de un avión:",disminuye debido a la baja resistencia parásita.,incrementa debido al incremento de la resistencia inducida.,incrementa debido al incremento de la resistencia parásita.,B,DownloadBalotario.pdf,False
PREG202411060016,5163,AERODINÁMICA BÁSICA,"5163.- Si la velocidad del aire es incrementada de 90 nudos a 135 nudos durante un giro nivelado, en un banqueo a 60°, el factor de carga:","incrementará, así como la velocidad de pérdida.",disminuirá y la velocidad de pérdida se incrementará.,permanecerá igual pero el radio de giro se incrementará.,C,DownloadBalotario.pdf,False
PREG202411060017,5163.1,AERODINÁMICA BÁSICA,"5163.1- Un factor de carga de 1,2 significa que la carga total sobre la estructura de un avión es 1,2 veces su:",peso bruto.,carga limite.,factor de ráfaga.,A,DownloadBalotario.pdf,False
PREG202411060018,5165,AERODINÁMICA BÁSICA,"5165.- (Refiérase a la Figura 1). La velocidad del aire representada por el punto (A), en vuelo estable, el avión:",tiene su máxima relación L/D.,tiene su mínima relación L/D.,desarrolla su máximo coeficiente de sustentación.,A,DownloadBalotario.pdf,True
PREG202411060019,5166,AERODINÁMICA BÁSICA,"5166.- (Refiérase a la Figura 1). A una velocidad del aire representada por el punto B, en vuelo estable, el piloto puede esperar del avión obtener el máximo:",rango de autonomía.,rango de planeo.,coeficiente de sustentación.,B,DownloadBalotario.pdf,True
PREG202411060020,5167,AERODINÁMICA BÁSICA,5167.- ¿Qué afirmación es verdadera en relación con el cambio del ángulo de ataque?,"Una disminución en el ángulo de ataque incrementará la presión debajo del ala, y disminuirá la resistencia.",Un aumento en el ángulo de ataque incrementará la resistencia.,"Un aumento en el ángulo de ataque disminuirá la presión debajo del ala, e incrementará la resistencia.",B,DownloadBalotario.pdf,False
PREG202411060021,5179,AERODINÁMICA BÁSICA,5179.- (Refiérase a la Figura 2). Seleccione la afirmación correcta acerca de las velocidades de pérdida:,la pérdida sin potencia se produce a velocidades superiores con el tren de aterrizaje y los flaps abajo.,en un giro a 60° el avión entrara en pérdida a una velocidad inferior con el tren de aterrizaje arriba.,las pérdidas con potencia ocurren con la potencia encendida a velocidades de aire más bajas en giros con bajo ángulo de banqueo.,C,DownloadBalotario.pdf,True
PREG202411060022,5180,AERODINÁMICA BÁSICA,5180.- (Refiérase a la Figura 2). Seleccione la afirmación correcta con respecto a las velocidades de pérdida. El avión entrara en pérdida:,"10 nudos más alto, con potencia en un banqueo a 60° con tren y flaps arriba, que en una configuración de tren y flaps abajo.","25 nudos más bajo sin potencia, con flaps arriba, en un banqueo de 60°, que, en configuración sin potencia, con flaps abajo, en configuración a nivel de las alas.","10 nudos más alto en un banqueo de 45°, con pérdida de potencia que, en una configuración de pérdida a nivel de alas, con flaps arriba.",A,DownloadBalotario.pdf,True
PREG202411060023,5181,AERODINÁMICA BÁSICA,5181.- ¿Cuál es la verdad sobre el uso de flaps durante los giros nivelados?,El descenso de los flaps incrementa la velocidad de pérdida.,El elevamiento de los flaps incrementa la velocidad de pérdida.,Para elevar los flaps será necesario añadir presión hacia delante sobre la palanca de mando.,B,DownloadBalotario.pdf,False
PREG202411060024,5182,AERODINÁMICA BÁSICA,5182.- Una de las principales funciones de los flaps durante la aproximación y el aterrizaje es:,disminuir el ángulo de descenso sin incrementar la velocidad del aire.,proveer la misma cantidad de sustentación a una baja velocidad.,"disminuir la sustentación, permitiendo así una aproximación más pronunciada de lo normal.",B,DownloadBalotario.pdf,False
PREG202411060025,5192,AERODINÁMICA BÁSICA,"5192.- Para incrementar la velocidad de giro y al mismo tiempo disminuir el radio, el piloto debería:",mantener el banqueo y disminuir la velocidad.,incrementar el banqueo y aumentar la velocidad.,incrementar el banqueo y disminuir la velocidad.,C,DownloadBalotario.pdf,False
PREG202411060026,5193,AERODINÁMICA BÁSICA,5193.- ¿Cuál es la opción correcta con respecto a la tasa y radio de giro para un avión que vuela en giro coordinado a una altitud constante?,"Para un especifico ángulo de banqueo y velocidad de aire, la tasa y radio de giro no variaran.","Para mantener una tasa de giro estable, el ángulo de giro debe ser incrementado.","Cuanto más rápida es la velocidad del aire, más rápido será la tasa y más largo el radio de giro independientemente del ángulo de giro.",A,DownloadBalotario.pdf,False
PREG202411060027,5194,AERODINÁMICA BÁSICA,5194.- ¿Por qué es necesario aumentar la presión ejercida hacia atrás en el elevador para mantener la altitud durante un giro? Para compensar la:,pérdida de la componente vertical de sustentación.,pérdida de la componente horizontal e incrementar la fuerza centrífuga.,deflexión del timón y la ligera oposición del alerón durante el giro.,A,DownloadBalotario.pdf,False
PREG202411060028,5195,AERODINÁMICA BÁSICA,"5195.- Para mantener la altitud durante un giro, el ángulo de ataque debe ser incrementado para compensar la disminución de:",las fuerzas opuestas a la resultante de la componente de resistencia.,la componente vertical de sustentación.,la componente horizontal de sustentación.,B,DownloadBalotario.pdf,False
PREG202411060029,5196,AERODINÁMICA BÁSICA,5196.- La velocidad de pérdida es afectada por:,"el peso, factor de carga y la potencia.","el factor de carga, ángulo de ataque y la potencia.","el ángulo de ataque, peso y la densidad del aire.",A,DownloadBalotario.pdf,False
PREG202411060030,5197,AERODINÁMICA BÁSICA,"5197.- Un ala rectangular, en comparación con otras formas de ala, tiene la tendencia de entrar primero en pérdida primero en:","la punta del ala, con la pérdida progresiva hacia la raíz del ala.","la raíz del ala, con la pérdida progresiva hacia la punta del ala.","el borde de fuga central, con la pérdida progresiva para afuera, hacia la raíz y punta del ala.",B,DownloadBalotario.pdf,False
PREG202411060031,5198,AERODINÁMICA BÁSICA,"5198.- Al cambiar el ángulo de ataque de las alas, el piloto puede controlar la:","sustentación, velocidad del aire y resistencia.","sustentación, velocidad del aire y centro de gravedad.","sustentación y velocidad, pero no la resistencia.",A,DownloadBalotario.pdf,False
PREG202411060032,5198.1,AERODINÁMICA BÁSICA,5198.1- El perfil aerodinámico de un avión está diseñado para producir la sustentación resultante de una diferencia en:,la presión negativa del aire por debajo y el vacío por encima del perfil aerodinámico.,el vacío por debajo de la superficie y una presión del aire mayor sobre la superficie del perfil aerodinámico.,una alta presión del aire por debajo de la superficie y una menor presión del aire encima de la superficie del perfil aerodinámico.,C,DownloadBalotario.pdf,False
PREG202411060033,5199,AERODINÁMICA BÁSICA,5199.- El ángulo de ataque de un ala controla directamente:,el ángulo de incidencia del ala.,la cantidad de flujo de aire encima y por debajo del ala.,la distribución de presión actuando sobre el ala.,C,DownloadBalotario.pdf,False
PREG202411060034,5200,AERODINÁMICA BÁSICA,"5200.- En teoría, si el ángulo de ataque y otros factores permanecen constantes y la velocidad del aire se duplica, la sustentación producida a mayor velocidad será:",la misma que a la velocidad más baja.,dos veces más grande que la velocidad más baja.,cuatro veces más grande que la velocidad más baja.,C,DownloadBalotario.pdf,False
PREG202411060035,5201,AERODINÁMICA BÁSICA,5201.- El ala de un avión está diseñada para producir la sustentación resultante de una diferencia en la:,presión de aire negativa por debajo y un vacío por encima de la superficie del ala.,. vacío por debajo de la superficie del ala y una mayor presión del aire por encima de la superficie del ala.,mayor presión del aire por debajo de la superficie del ala y menor presión de aire por encima de la superficie del ala.,C,DownloadBalotario.pdf,False
PREG202411060036,5202,AERODINÁMICA BÁSICA,"5202.- En un ala, la fuerza de sustentación actúa perpendicularmente y la fuerza de resistencia actúa paralela a la:",línea de cuerda.,trayectoria de vuelo.,eje longitudinal.,B,DownloadBalotario.pdf,False
PREG202411060037,5203,AERODINÁMICA BÁSICA,"5203.- ¿Qué afirmación es correcta, en relación con las fuerzas opuestas que actúan sobre un avión en vuelo nivelado en estado estable?",Las fuerzas son iguales.,El empuje es mayor que la resistencia y el peso y la sustentación son iguales.,El empuje es mayor que la resistencia y la sustentación es mayor que el peso.,A,DownloadBalotario.pdf,False
PREG202411060038,5204,AERODINÁMICA BÁSICA,"5204.- El ángulo de ataque en el cual un ala entrará en pérdida, permanecerá constante independientemente de:","el peso, la presión dinámica, ángulo de banqueo o la altitud de paso.","la presión dinámica, pero variará con el peso, ángulo de banqueo y la altitud de paso.","el peso y la altitud de paso, pero variará con la presión dinámica y el ángulo de banqueo.",C,DownloadBalotario.pdf,False
PREG202411060039,5205,AERODINÁMICA BÁSICA,"5205.- En aviones pequeños, la recuperación normal de los giros puede generar dificultades si:",el CG está demasiado atrás y la rotación es alrededor del eje longitudinal.,el CG está demasiado atrás y la rotación es alrededor del CG.,se entrará en barrena antes de que se desarrolle completamente la pérdida.,B,DownloadBalotario.pdf,False
PREG202411060040,5206,AERODINÁMICA BÁSICA,5206.- La recuperación de una pérdida en cualquier avión se hace más difícil cuando:,el centro de gravedad ha sido movido hacia atrás.,el centro de gravedad ha sido movido hacia delante.,el compensador del elevador es ajustado nariz abajo.,A,DownloadBalotario.pdf,False
PREG202411060041,5207,AERODINÁMICA BÁSICA,"5207.- Si un avión está cargado en la parte posterior de su rango de CG, tenderá a ser inestable sobre su:",eje vertical.,eje lateral.,eje longitudinal.,B,DownloadBalotario.pdf,False
PREG202411060042,5209,AERODINÁMICA BÁSICA,5209.- Un avión que sale del efecto suelo:,experimenta una reducción en la fricción con el suelo y requiere una ligera reducción de potencia.,experimenta un incremento en la resistencia inducida y requiere más empuje.,requiere un bajo ángulo de ataque para mantener el mismo coeficiente de sustentación.,B,DownloadBalotario.pdf,False
PREG202411060043,5210,AERODINÁMICA BÁSICA,"5210.- Si la velocidad del aire es incrementada durante un giro nivelado, ¿qué acción sería necesaria para mantener la altitud? El ángulo de ataque:",y el ángulo de giro deben incrementarse.,deberá ser incrementado o reducido el ángulo de giro.,deberá ser disminuido o incrementado el ángulo de giro.,C,DownloadBalotario.pdf,False
PREG202411060044,5210.1,AERODINÁMICA BÁSICA,"5210.1- Para mantener una tasa de giro estándar con la velocidad del aire incrementando, el ángulo de banqueo del avión tendrá que:",permanecer constante.,incrementar.,disminuir.,B,DownloadBalotario.pdf,False
PREG202411060045,5211,AERODINÁMICA BÁSICA,5211.- La velocidad de pérdida de un avión se verá más afectada por:,cambios en la densidad del aire.,variaciones en las altitudes de vuelo.,variaciones en cargas del avión.,C,DownloadBalotario.pdf,False
PREG202411060046,5212,AERODINÁMICA BÁSICA,5212.- Un avión entrará en pérdida en el mismo:,valor de ángulo de ataque independientemente de la altitud con relación al horizonte.,velocidad del aire independientemente de la altitud con relación al horizonte.,ángulo de ataque y altitud con relación al horizonte.,A,DownloadBalotario.pdf,False
PREG202411060047,5213,AERODINÁMICA BÁSICA,5213.- (Refiérase a la Figura 3). ¿Si un avión planea con un ángulo de ataque de 10° ¿Cuánta altitud perderá en una milla?,240 Pies.,480 Pies.,960 Pies.,B,DownloadBalotario.pdf,True
PREG202411060048,5214,AERODINÁMICA BÁSICA,5214.- (Refiérase a la Figura 3). ¿Cuánta altitud deberá perder este avión en 3 millas de planeo a un ángulo de ataque de 8°?,440 pies.,880 pies.,"1,320 pies.",C,DownloadBalotario.pdf,True
PREG202411060049,5215,AERODINÁMICA BÁSICA,5215.- (Refiérase a la Figura 3). La relación de L/D para un ángulo de ataque de 2° es aproximadamente la misma que la relación L/D para un:,ángulo de ataque de 9.75°,ángulo de ataque de 10.5°,ángulo de ataque de 16.5°,C,DownloadBalotario.pdf,True
PREG202411060050,5216,AERODINÁMICA BÁSICA,"5216.- Si el ángulo de ataque es mantenido en efecto suelo cuando este está fuera del efecto suelo, la sustentación:","incrementa, e induce que la resistencia parásita disminuya.","decrece, y la resistencia parásita incrementa.","incrementa, e induce que la resistencia parásita aumente.",A,DownloadBalotario.pdf,False
PREG202411060051,5217,AERODINÁMICA BÁSICA,5217.- ¿Qué rendimiento es característico del vuelo con la máxima relación de sustentación/arrastre en avión de hélice?,Ganancia de altitud en una distancia determinada.,Alcance y planeo de máxima distancia.,Coeficiente de sustentación y mínimo coeficiente de resistencia.,B,DownloadBalotario.pdf,False
PREG202411060052,5218,AERODINÁMICA BÁSICA,5218.- ¿Cuál es la verdad respecto a las fuerzas que actúan sobre un avión en un descenso en estado estable? La suma de todas:,las fuerzas ascendentes son menores que la suma de todas las fuerzas descendentes.,las fuerzas hacia atrás son más grandes que la suma de todas las fuerzas hacia delante.,las fuerzas ascendentes son iguales que la suma de todas las fuerzas descendentes.,C,DownloadBalotario.pdf,False
PREG202411060053,5219,AERODINÁMICA BÁSICA,5219.- ¿Cuál es la verdad con respecto a la fuerza de sustentación en vuelo estable no acelerado?,"A menor velocidad del aire, el ángulo de ataque debe ser menor para generar la suficiente sustentación para mantener la altitud.","Hay una correspondiente velocidad indicada requerida para cada ángulo, para así generar la suficiente sustentación y mantener la altitud.","Un perfil aerodinámico entrará en pérdida a la misma velocidad del aire indicada; por lo tanto, un incremento en el peso requerirá un incremento en la velocidad para generar la suficiente sustentación y mantener la altitud.",B,DownloadBalotario.pdf,False
PREG202411060054,5220,AERODINÁMICA BÁSICA,"5220.- Cuando hay una transición de un vuelo recto y nivelado a un ascenso con velocidad constante, el ángulo de ataque y sustentación:",se incrementan y se mantiene con una mayor relación peso- sustentación para mantener el ascenso.,permanecen igual y mantendrá estable la relación peso-sustentación durante el ascenso.,se incrementan momentáneamente y la sustentación vuelven a un estado estable durante el ascenso.,C,DownloadBalotario.pdf,False
PREG202411060055,5220.1,AERODINÁMICA BÁSICA,"5220.1- Para mantener un avión en vuelo nivelado, con velocidades del aire que varían de muy lentas a muy rápidas, un piloto debe coordinar el empuje y:",ángulo de incidencia.,peso bruto.,ángulo de ataque.,C,DownloadBalotario.pdf,False
PREG202411060056,5221,AERODINÁMICA BÁSICA,5221.- (Refiérase a la Figura 4). ¿Cuál es la velocidad de pérdida de un avión con un factor de carga de 2 GS si la velocidad de pérdida sin aceleración es de 60 nudos?,66 nudos.,74 nudos.,84 nudos.,C,DownloadBalotario.pdf,True
PREG202411060057,5221.1,AERODINÁMICA BÁSICA,"5221.1- (Refiérase a la Figura 4). ¿Cuál es la velocidad de pérdida de un avión con un factor de carga de 2.5 GS, si la velocidad de pérdida sin aceleración es de 60 nudos?",62 nudos.,84 nudos.,96 nudos.,C,DownloadBalotario.pdf,True
PREG202411060058,5222,AERODINÁMICA BÁSICA,5222.- (Refiérase a la Figura 4). ¿Qué aumento del factor de carga se producirá si el ángulo de banqueo aumentara de 60° a 80°?,3 Gs.,3.5 Gs.,4 Gs.,C,DownloadBalotario.pdf,True
PREG202411060059,5223,AERODINÁMICA BÁSICA,"5223.- Para generar la misma cantidad de sustentación cuando la altitud aumenta, un avión debe volar a:",la misma velocidad verdadera del aire independientemente del ángulo de ataque.,a una baja velocidad verdadera del aire y un alto ángulo de ataque.,una alta velocidad verdadera del aire para cualquier ángulo de ataque.,C,DownloadBalotario.pdf,False
PREG202411060060,5224,AERODINÁMICA BÁSICA,"5224.- Para producir la misma sustentación cuando se está bajo el efecto suelo que cuando se encuentra fuera de él, el avión requiere:",un bajo ángulo de ataque.,el mismo ángulo de ataque.,un mayor ángulo de ataque.,A,DownloadBalotario.pdf,False
PREG202411060061,5225,AERODINÁMICA BÁSICA,"5225.- Al aumentar el ángulo de banqueo, la componente vertical de sustentación:",disminuye y la componente horizontal de sustentación incrementa.,incrementa y la componente horizontal de sustentación disminuye.,disminuye y la componente horizontal de sustentación disminuye.,A,DownloadBalotario.pdf,False
PREG202411060062,5226,AERODINÁMICA BÁSICA,"5226.- Si la altitud del avión permanece en una nueva posición después de presionar el control del elevador hacia delante y soltarlo, el avión mostrara:",estabilidad longitudinal estática neutral.,estabilidad longitudinal estática positiva.,estabilidad longitudinal dinámica neutral.,A,DownloadBalotario.pdf,False
PREG202411060063,5227,AERODINÁMICA BÁSICA,5227.- La inestabilidad dinámica en un avión puede ser identificada mediante:,"las oscilaciones en un banco, las cuales se vuelven progresivamente más pronunciadas.","las oscilaciones de cabeceo, las cuales se vuelven progresivamente más pronunciadas.",las oscilaciones en los tres ejes se vuelven progresivamente más pronunciadas.,B,DownloadBalotario.pdf,False
PREG202411060064,5228,AERODINÁMICA BÁSICA,5228.- La estabilidad longitudinal implica el movimiento del avión controlado a través del:,timón de dirección.,elevador.,alerones.,B,DownloadBalotario.pdf,False
PREG202411060065,5229,AERODINÁMICA BÁSICA,"5229.- ¿Qué cambios en el control longitudinal de un avión deben realizarse para mantener la altitud, mientras la velocidad del aire es disminuida?",Incrementar el ángulo de ataque para producir más sustentación que resistencia.,Incrementar el ángulo de ataque para compensar la disminución de sustentación.,Disminuir el ángulo de ataque para compensar el incremento de la resistencia.,B,DownloadBalotario.pdf,False
PREG202411060066,5230,AERODINÁMICA BÁSICA,"5230.- Si la altitud inicial del avión tiende a retornar a su posición original después de presionar el mando del elevador hacia delante y soltarlo, el avión muestra:",estabilidad dinámica positiva.,estabilidad estática positiva.,estabilidad dinámica neutral.,B,DownloadBalotario.pdf,False
PREG202411060067,5231,AERODINÁMICA BÁSICA,5231.- (Refiérase a la Figura 5). La línea horizontal discontinua que va del punto C al punto E representa el:,factor de carga último.,factor de carga limite positivo.,rango de velocidad del aire para operaciones normales.,B,DownloadBalotario.pdf,True
PREG202411060068,5232,AERODINÁMICA BÁSICA,5232.- (Refiérase a la Figura 5). La línea vertical que va del punto E al punto F es representada en el indicador de velocidad del aire por:,límite superior del arco amarillo.,límite superior del arco verde.,línea radial azul.,A,DownloadBalotario.pdf,True
PREG202411060069,5238,AERODINÁMICA BÁSICA,"5238.- Una hélice que gira en el sentido de las agujas del reloj, visto desde atrás, crea una corriente de deslizamiento en espiral. La corriente de deslizamiento en espiral, junto con el efecto del torque, tiende a girar al avión hacia la:",a la derecha respecto al eje vertical y a la izquierda respecto al eje longitudinal.,a la izquierda respecto al eje vertical y a la derecha respecto al eje longitudinal.,a la izquierda respecto al eje vertical y a la izquierda respecto al eje longitudinal.,B,DownloadBalotario.pdf,False
PREG202411060070,5505,AERODINÁMICA BÁSICA,5505.- ¿Qué factor disminuye su máximo rango al disminuir el peso?,Altitud.,Velocidad del aire.,Ángulo de ataque.,B,DownloadBalotario.pdf,False
PREG202411060071,5655,AERODINÁMICA BÁSICA,5655.- ¿Qué afirmación es verdadera con respecto a la circulación de vórtices en la estela turbulenta generada por un avión?,"Los helicópteros generan únicamente turbulencia, no circulación de vórtices.","La fuerza del vórtice es mayor cuando el avión generador es de gran tamaño, y lento.","Cuando la circulación del vórtice se hunde en el efecto suelo, tiende a disiparse rápidamente y genera poco peligro.",B,DownloadBalotario.pdf,False
PREG202411060072,5750,AERODINÁMICA BÁSICA,5750.- Escoja la afirmación correcta sobre la estela turbulenta:,la generación de vórtices comienza con la iniciación del giro en el despegue.,el peligro principal es la pérdida de control por el giro inducido,la mayor fuerza del vórtice es producida cuando el avión generador es grande y rápido.,B,DownloadBalotario.pdf,False
PREG202411060073,5751,AERODINÁMICA BÁSICA,"5751.- Durante un despegue realizado detrás de un avión de gran tamaño, el piloto puede minimizar el peligro de los vórtices de las alas realizando la siguiente acción:",permanecer en el aire antes de alcanzar la trayectoria de vuelo del avión hasta poder girar para evitar su estela.,mantener una velocidad extra en el despegue y ascenso.,alargar el giro en el despegue y no rotando hasta más allá del punto de rotación del avión.,A,DownloadBalotario.pdf,False
PREG202411060074,5752,AERODINÁMICA BÁSICA,"5752.- Si usted vuela en la trayectoria de un avión de gran tamaño, para evitar los vórtices usted deberá volar:",a la misma altitud que el avión más grande.,por debajo de la altitud del avión más grande.,por encima de la trayectoria de vuelo del avión más grande.,C,DownloadBalotario.pdf,False
PREG202411060075,5753,AERODINÁMICA BÁSICA,"5753.- Para evitar posibles turbulencias en la estela de un avión de gran tamaño que acaba de aterrizar, antes de su despegue, en qué punto de la pista se debe planificar su despegue:",pasado el punto en que el avión toco tierra.,"en el punto en que el avión toco tierra, o justo antes de este punto.",aproximadamente 500 pies antes del punto donde el avión toco tierra.,A,DownloadBalotario.pdf,False
PREG202411060076,5754,AERODINÁMICA BÁSICA,"5754.- ¿Cuándo se aterriza detrás de un avión de gran tamaño, que procedimiento deberá seguirse para evitar vórtices?","Permanecer por encima de su trayectoria de vuelo de aproximación final, hasta el aterrizaje.",Permanecer por debajo de su trayectoria de vuelo de aproximación final.,Permanecer muy por debajo de su trayectoria de vuelo de aproximación final y aterrizar al menos 2000 pies por detrás.,A,DownloadBalotario.pdf,False
PREG202411060077,5974,AERODINÁMICA BÁSICA,5974.- Un avión con ala con flechada con una estabilidad estática débil y un diedro aumentado provoca un aumento de:,la tendencia al momento de picada.,tendencia a un tonel holandés.,estabilidad longitudinal.,B,DownloadBalotario.pdf,False
PREG202411060078,5977,AERODINÁMICA BÁSICA,5977.- ¿Cuál es el mejor indicador para el piloto acerca del factor de carga del avión?,Con qué firmeza el piloto es presionado en la silla durante una maniobra.,La cantidad de presión requerida para operar los controles.,La velocidad del aire cuando se sale de un descenso.,A,DownloadBalotario.pdf,False
PREG202411060079,5978,AERODINÁMICA BÁSICA,"5978.- Si la velocidad del aire se disminuye de 98 nudos a 85 nudos durante un giro coordinado y nivelado de 45 grados, el factor de carga:","será el mismo, pero el radio del giro disminuirá.",disminuirá y la tasa de giro decrecerá.,"será el mismo, pero el radio de giro aumentará.",A,DownloadBalotario.pdf,False
PREG202411060080,5978.1,AERODINÁMICA BÁSICA,"5978.1- Si la velocidad del aire es incrementada de 89 nudos a 98 nudos durante un giro coordinado con una inclinación de 45°, el factor de carga:",decrecerá y el radio de giro disminuirá.,"permanecen igual, pero el radio de giro se incrementará.","aumentará, pero el radio de giro disminuirá.",B,DownloadBalotario.pdf,False
PREG202411060081,5979,AERODINÁMICA BÁSICA,5979.- (Refiérase a la Figura 5). ¿Qué representa la intersección de la línea discontinua con el punto C?,Va.,Factor límite de carga negativo.,Facto límite de carga positivo.,A,DownloadBalotario.pdf,True
